T12145	Dental Anxiety and Anesthesia Techniques	Dentistry	Health Sciences
T11958	Dental Erosion and Treatment	Dentistry	Health Sciences
T10368	Dental Health and Care Utilization	Dentistry	Health Sciences
T10359	Dental Implant Techniques and Outcomes	Dentistry	Health Sciences
T11363	Dental Radiography and Imaging	Dentistry	Health Sciences
T12439	Dental Research and COVID-19	Dentistry	Health Sciences
T10113	Dental materials and restorations	Dentistry	Health Sciences
T10536	Endodontics and Root Canal Treatments	Dentistry	Health Sciences
T11452	Oral Health Pathology and Treatment	Dentistry	Health Sciences
T11787	Oral and Maxillofacial Pathology	Dentistry	Health Sciences
T10257	Oral microbiology and periodontitis research	Dentistry	Health Sciences
T10356	Orthodontics and Dentofacial Orthopedics	Dentistry	Health Sciences
T13324	Scientific and Engineering Research Topics	Dentistry	Health Sciences
T13805	Adolescent Health and Behaviors	Health Professions	Health Sciences
T10327	Adolescent Sexual and Reproductive Health	Health Professions	Health Sciences
T12823	Adolescent and Pediatric Healthcare	Health Professions	Health Sciences
T13695	Aging, Elder Care, and Social Issues	Health Professions	Health Sciences
T11396	Artificial Intelligence in Healthcare	Health Professions	Health Sciences
T12207	Assistive Technology in Communication and Mobility	Health Professions	Health Sciences
T14407	Athletic Training and Education	Health Professions	Health Sciences
T10114	Balance, Gait, and Falls Prevention	Health Professions	Health Sciences
T10641	Central Venous Catheters and Hemodialysis	Health Professions	Health Sciences
T13883	Child and Adolescent Health	Health Professions	Health Sciences
T12196	Community Health and Development	Health Professions	Health Sciences
T13457	Dental Education, Practice, Research	Health Professions	Health Sciences
T12367	Dental Trauma and Treatments	Health Professions	Health Sciences
T13960	Dietetics, Nutrition, and Education	Health Professions	Health Sciences
T13071	Digital Storytelling and Education	Health Professions	Health Sciences
T11430	Disaster Response and Management	Health Professions	Health Sciences
T14463	Diverse Scientific Research Studies	Health Professions	Health Sciences
T11832	Doctoral Education Challenges and Solutions	Health Professions	Health Sciences
T11358	Dysphagia Assessment and Management	Health Professions	Health Sciences
T10350	Electronic Health Records Systems	Health Professions	Health Sciences
T11959	Employment and Welfare Studies	Health Professions	Health Sciences
T11537	Ethics in medical practice	Health Professions	Health Sciences
T12860	Family and Patient Care in Intensive Care Units	Health Professions	Health Sciences
T13319	Film in Education and Therapy	Health Professions	Health Sciences
T11610	Food Security and Health in Diverse Populations	Health Professions	Health Sciences
T11376	Geriatric Care and Nursing Homes	Health Professions	Health Sciences
T12781	Global Health Care Issues	Health Professions	Health Sciences
T11990	Global Health Workforce Issues	Health Professions	Health Sciences
T14093	Global Health and Epidemiology	Health Professions	Health Sciences
T12681	Global Healthcare and Medical Tourism	Health Professions	Health Sciences
T10737	Health Literacy and Information Accessibility	Health Professions	Health Sciences
T10629	Health Policy Implementation Science	Health Professions	Health Sciences
T11744	Health Sciences Research and Education	Health Professions	Health Sciences
T13896	Health Services Management and Policy	Health Professions	Health Sciences
T14090	Health and Conflict Studies	Health Professions	Health Sciences
T13861	Health and Lifestyle Studies	Health Professions	Health Sciences
T12413	Health and Medical Education	Health Professions	Health Sciences
T13022	Health and Medical Studies	Health Professions	Health Sciences
T12480	Health and Wellbeing Research	Health Professions	Health Sciences
T13099	Health, Medicine and Society	Health Professions	Health Sciences
T10312	Health, Nursing, Elderly Care	Health Professions	Health Sciences
T14416	Health, Technology, Consumer Behavior	Health Professions	Health Sciences
T12947	Health, psychology, and well-being	Health Professions	Health Sciences
T11773	Healthcare Operations and Scheduling Optimization	Health Professions	Health Sciences
T12871	Healthcare Quality and Management	Health Professions	Health Sciences
T14358	Healthcare Quality and Satisfaction	Health Professions	Health Sciences
T14396	Healthcare Regulation	Health Professions	Health Sciences
T12847	Healthcare Systems and Challenges	Health Professions	Health Sciences
T14186	Healthcare Systems and Practices	Health Professions	Health Sciences
T13555	Healthcare cost, quality, practices	Health Professions	Health Sciences
T10795	Healthcare professionals’ stress and burnout	Health Professions	Health Sciences
T14130	Healthcare, Law, Governance, and Management Studies	Health Professions	Health Sciences
T14507	History, Culture, and Society	Health Professions	Health Sciences
T11464	Homelessness and Social Issues	Health Professions	Health Sciences
T13822	Indigenous Health and Education	Health Professions	Health Sciences
T12614	Indigenous Studies and Ecology	Health Professions	Health Sciences
T13289	Infant Health and Development	Health Professions	Health Sciences
T13243	Innovation in Digital Healthcare Systems	Health Professions	Health Sciences
T12151	Interpreting and Communication in Healthcare	Health Professions	Health Sciences
T11497	Interprofessional Education and Collaboration	Health Professions	Health Sciences
T13242	Male Reproductive Health Studies	Health Professions	Health Sciences
T12741	Maternal and Neonatal Healthcare	Health Professions	Health Sciences
T14400	Medical Coding and Health Information	Health Professions	Health Sciences
T12339	Medical Malpractice and Liability Issues	Health Professions	Health Sciences
T13986	Medical Practices and Rehabilitation	Health Professions	Health Sciences
T14514	Medical Research and Practices	Health Professions	Health Sciences
T11639	Mental Health and Patient Involvement	Health Professions	Health Sciences
T11555	Methodologies in Health Research and Practice	Health Professions	Health Sciences
T11446	Mobile Health and mHealth Applications	Health Professions	Health Sciences
T13206	Neonatal skin health care	Health Professions	Health Sciences
T11692	Noise Effects and Management	Health Professions	Health Sciences
T11816	Nursing Roles and Practices	Health Professions	Health Sciences
T13111	Nursing care and research	Health Professions	Health Sciences
T12066	Obesity and Health Practices	Health Professions	Health Sciences
T12869	Occupational Health and Burnout	Health Professions	Health Sciences
T12138	Occupational Health and Performance	Health Professions	Health Sciences
T13233	Occupational Health and Safety Management	Health Professions	Health Sciences
T10809	Occupational Health and Safety Research	Health Professions	Health Sciences
T13315	Occupational Health and Safety in Workplaces	Health Professions	Health Sciences
T11759	Occupational Therapy Practice and Research	Health Professions	Health Sciences
T13866	Occupational health in dentistry	Health Professions	Health Sciences
T12315	Older Adults Driving Studies	Health Professions	Health Sciences
T13813	Oral and Craniofacial Lesions	Health Professions	Health Sciences
T13768	Oral and gingival health research	Health Professions	Health Sciences
T10508	Patient Safety and Medication Errors	Health Professions	Health Sciences
T11722	Patient Satisfaction in Healthcare	Health Professions	Health Sciences
T10827	Patient-Provider Communication in Healthcare	Health Professions	Health Sciences
T13770	Pediatric health and respiratory diseases	Health Professions	Health Sciences
T11718	Physical Education and Pedagogy	Health Professions	Health Sciences
T13189	Physical Education and Training Studies	Health Professions	Health Sciences
T11670	Pressure Ulcer Prevention and Management	Health Professions	Health Sciences
T11590	Primary Care and Health Outcomes	Health Professions	Health Sciences
T14040	Problem Solving Skills Development	Health Professions	Health Sciences
T12041	Public Health Policies and Education	Health Professions	Health Sciences
T13690	Quality and Safety in Healthcare	Health Professions	Health Sciences
T10946	Radioactivity and Radon Measurements	Health Professions	Health Sciences
T12595	Romani and Gypsy Studies	Health Professions	Health Sciences
T13279	Safe Handling of Antineoplastic Drugs	Health Professions	Health Sciences
T12831	School Health and Nursing Education	Health Professions	Health Sciences
T13423	Social Policies and Healthcare Reform	Health Professions	Health Sciences
T14118	Social and Demographic Issues in Germany	Health Professions	Health Sciences
T13224	Sports and Physical Education Research	Health Professions	Health Sciences
T10852	Temporomandibular Joint Disorders	Health Professions	Health Sciences
T13108	Therapeutic Uses of Natural Elements	Health Professions	Health Sciences
T14447	Trade Secret Protection Methods	Health Professions	Health Sciences
T13036	Veterinary Practice and Education Studies	Health Professions	Health Sciences
T11084	Workplace Health and Well-being	Health Professions	Health Sciences
T12333	Abdominal Surgery and Complications	Medicine	Health Sciences
T11267	Abdominal Trauma and Injuries	Medicine	Health Sciences
T11625	Abdominal vascular conditions and treatments	Medicine	Health Sciences
T11553	Acne and Rosacea Treatments and Effects	Medicine	Health Sciences
T12317	Actinomycetales infections and treatment	Medicine	Health Sciences
T11327	Acupuncture Treatment Research Studies	Medicine	Health Sciences
T10227	Acute Ischemic Stroke Management	Medicine	Health Sciences
T10684	Acute Kidney Injury Research	Medicine	Health Sciences
T10950	Acute Lymphoblastic Leukemia research	Medicine	Health Sciences
T10309	Acute Myeloid Leukemia Research	Medicine	Health Sciences
T10292	Acute Myocardial Infarction Research	Medicine	Health Sciences
T10528	Adipokines, Inflammation, and Metabolic Diseases	Medicine	Health Sciences
T11457	Adipose Tissue and Metabolism	Medicine	Health Sciences
T12421	Adrenal Hormones and Disorders	Medicine	Health Sciences
T11054	Adrenal and Paraganglionic Tumors	Medicine	Health Sciences
T12829	Advanced Breast Cancer Therapies	Medicine	Health Sciences
T10378	Advanced MRI Techniques and Applications	Medicine	Health Sciences
T11304	Advanced Neuroimaging Techniques and Applications	Medicine	Health Sciences
T13123	Advances in Oncology and Radiotherapy	Medicine	Health Sciences
T12811	Aging, Health, and Disability	Medicine	Health Sciences
T10830	Airway Management and Intubation Techniques	Medicine	Health Sciences
T11207	Alcohol Consumption and Health Effects	Medicine	Health Sciences
T12494	Alcoholism and Thiamine Deficiency	Medicine	Health Sciences
T13453	Alkaline Phosphatase Research Studies	Medicine	Health Sciences
T10877	Allergic Rhinitis and Sensitization	Medicine	Health Sciences
T10086	Alzheimer's disease research and treatments	Medicine	Health Sciences
T12463	Amoebic Infections and Treatments	Medicine	Health Sciences
T10855	Amyotrophic Lateral Sclerosis Research	Medicine	Health Sciences
T13281	Andrographolide Research and Applications	Medicine	Health Sciences
T10189	Anesthesia and Pain Management	Medicine	Health Sciences
T10436	Anesthesia and Sedative Agents	Medicine	Health Sciences
T11865	Anorectal Disease Treatments and Outcomes	Medicine	Health Sciences
T11036	Antibiotics Pharmacokinetics and Efficacy	Medicine	Health Sciences
T10150	Antifungal resistance and susceptibility	Medicine	Health Sciences
T10195	Antimicrobial Resistance in Staphylococcus	Medicine	Health Sciences
T10445	Antioxidant Activity and Oxidative Stress	Medicine	Health Sciences
T11064	Antiplatelet Therapy and Cardiovascular Diseases	Medicine	Health Sciences
T10618	Aortic Disease and Treatment Approaches	Medicine	Health Sciences
T13657	Aortic Thrombus and Embolism	Medicine	Health Sciences
T10983	Aortic aneurysm repair treatments	Medicine	Health Sciences
T13505	Apelin-related biomedical research	Medicine	Health Sciences
T11473	Appendicitis Diagnosis and Management	Medicine	Health Sciences
T11636	Artificial Intelligence in Healthcare and Education	Medicine	Health Sciences
T11732	Assisted Reproductive Technology and Twin Pregnancy	Medicine	Health Sciences
T10051	Asthma and respiratory diseases	Medicine	Health Sciences
T10065	Atrial Fibrillation Management and Outcomes	Medicine	Health Sciences
T10537	Attention Deficit Hyperactivity Disorder	Medicine	Health Sciences
T11730	Autoimmune Bullous Skin Diseases	Medicine	Health Sciences
T11627	Autoimmune Neurological Disorders and Treatments	Medicine	Health Sciences
T12328	Autoimmune and Inflammatory Disorders	Medicine	Health Sciences
T11616	Autoimmune and Inflammatory Disorders Research	Medicine	Health Sciences
T11487	Automotive and Human Injury Biomechanics	Medicine	Health Sciences
T10587	Autophagy in Disease and Therapy	Medicine	Health Sciences
T12296	Autopsy Techniques and Outcomes	Medicine	Health Sciences
T10569	Bariatric Surgery and Outcomes	Medicine	Health Sciences
T12059	Berberine and alkaloids research	Medicine	Health Sciences
T13697	Biliary and Gastrointestinal Fistulas	Medicine	Health Sciences
T13551	Biochemical effects in animals	Medicine	Health Sciences
T13044	Biofield Effects and Biophysics	Medicine	Health Sciences
T13921	Biological Stains and Phytochemicals	Medicine	Health Sciences
T13130	Biological and pharmacological studies of plants	Medicine	Health Sciences
T13417	Biomedical Ethics and Regulation	Medicine	Health Sciences
T14415	Biomedical Research and Pathophysiology	Medicine	Health Sciences
T12930	Biomedical and Chemical Research	Medicine	Health Sciences
T14293	Biotechnology and Related Fields	Medicine	Health Sciences
T10854	Bipolar Disorder and Treatment	Medicine	Health Sciences
T11629	Birth, Development, and Health	Medicine	Health Sciences
T10458	Bladder and Urothelial Cancer Treatments	Medicine	Health Sciences
T10881	Blood Coagulation and Thrombosis Mechanisms	Medicine	Health Sciences
T10144	Blood Pressure and Hypertension Studies	Medicine	Health Sciences
T11660	Blood groups and transfusion	Medicine	Health Sciences
T11721	Blood properties and coagulation	Medicine	Health Sciences
T10693	Blood transfusion and management	Medicine	Health Sciences
T12279	Body Composition Measurement Techniques	Medicine	Health Sciences
T12173	Body Contouring and Surgery	Medicine	Health Sciences
T10975	Bone Tumor Diagnosis and Treatments	Medicine	Health Sciences
T12110	Bone and Dental Protein Studies	Medicine	Health Sciences
T12209	Bone and Joint Diseases	Medicine	Health Sciences
T10658	Bone fractures and treatments	Medicine	Health Sciences
T10071	Bone health and osteoporosis research	Medicine	Health Sciences
T11221	Bone health and treatments	Medicine	Health Sciences
T12055	Boron Compounds in Chemistry	Medicine	Health Sciences
T11274	Botulinum Toxin and Related Neurological Disorders	Medicine	Health Sciences
T11600	Brain Metastases and Treatment	Medicine	Health Sciences
T11258	Breast Implant and Reconstruction	Medicine	Health Sciences
T11134	Breast Lesions and Carcinomas	Medicine	Health Sciences
T10979	Breastfeeding Practices and Influences	Medicine	Health Sciences
T12951	Burkholderia infections and melioidosis	Medicine	Health Sciences
T11422	Burn Injury Management and Outcomes	Medicine	Health Sciences
T11491	CAR-T cell therapy research	Medicine	Health Sciences
T12212	CNS Lymphoma Diagnosis and Treatment	Medicine	Health Sciences
T10041	COVID-19 Clinical Research Studies	Medicine	Health Sciences
T11987	COVID-19 Impact on Reproduction	Medicine	Health Sciences
T11296	COVID-19 and healthcare impacts	Medicine	Health Sciences
T11775	COVID-19 diagnosis using AI	Medicine	Health Sciences
T10336	Cancer Cells and Metastasis	Medicine	Health Sciences
T12379	Cancer Diagnosis and Treatment	Medicine	Health Sciences
T10158	Cancer Immunotherapy and Biomarkers	Medicine	Health Sciences
T13779	Cancer Mechanisms and Therapy	Medicine	Health Sciences
T13434	Cancer Research and Treatment	Medicine	Health Sciences
T12103	Cancer Risks and Factors	Medicine	Health Sciences
T11752	Cancer Treatment and Pharmacology	Medicine	Health Sciences
T11868	Cancer and Skin Lesions	Medicine	Health Sciences
T10178	Cancer survivorship and care	Medicine	Health Sciences
T12626	Cancer, Stress, Anesthesia, and Immune Response	Medicine	Health Sciences
T10583	Cancer-related Molecular Pathways	Medicine	Health Sciences
T13077	Cancer-related cognitive impairment studies	Medicine	Health Sciences
T10414	Cannabis and Cannabinoid Research	Medicine	Health Sciences
T10645	Cardiac Arrest and Resuscitation	Medicine	Health Sciences
T11217	Cardiac Arrhythmias and Treatments	Medicine	Health Sciences
T11962	Cardiac Fibrosis and Remodeling	Medicine	Health Sciences
T11083	Cardiac Health and Mental Health	Medicine	Health Sciences
T10372	Cardiac Imaging and Diagnostics	Medicine	Health Sciences
T11057	Cardiac Ischemia and Reperfusion	Medicine	Health Sciences
T12598	Cardiac Structural Anomalies and Repair	Medicine	Health Sciences
T10172	Cardiac Valve Diseases and Treatments	Medicine	Health Sciences
T11055	Cardiac and Coronary Surgery Techniques	Medicine	Health Sciences
T10217	Cardiac electrophysiology and arrhythmias	Medicine	Health Sciences
T10598	Cardiac pacing and defibrillation studies	Medicine	Health Sciences
T11638	Cardiac tumors and thrombi	Medicine	Health Sciences
T11930	Cardiac, Anesthesia and Surgical Outcomes	Medicine	Health Sciences
T10882	Cardiomyopathy and Myosin Studies	Medicine	Health Sciences
T12272	Cardiovascular Conditions and Treatments	Medicine	Health Sciences
T12979	Cardiovascular Disease and Adiposity	Medicine	Health Sciences
T11922	Cardiovascular Effects of Exercise	Medicine	Health Sciences
T10821	Cardiovascular Function and Risk Factors	Medicine	Health Sciences
T10924	Cardiovascular Health and Disease Prevention	Medicine	Health Sciences
T13522	Cardiovascular Health and Risk Factors	Medicine	Health Sciences
T12230	Cardiovascular Issues in Pregnancy	Medicine	Health Sciences
T11950	Cardiovascular Syncope and Autonomic Disorders	Medicine	Health Sciences
T11579	Cardiovascular and Diving-Related Complications	Medicine	Health Sciences
T11209	Cardiovascular and exercise physiology	Medicine	Health Sciences
T14486	Cardiovascular, Neuropeptides, and Oxidative Stress Research	Medicine	Health Sciences
T13878	Case Reports on Hematomas	Medicine	Health Sciences
T11348	Celiac Disease Research and Management	Medicine	Health Sciences
T10831	Cell Adhesion Molecules Research	Medicine	Health Sciences
T11097	Cerebral Palsy and Movement Disorders	Medicine	Health Sciences
T11929	Cerebral Venous Sinus Thrombosis	Medicine	Health Sciences
T10816	Cerebrovascular and Carotid Artery Diseases	Medicine	Health Sciences
T13648	Cerebrovascular and genetic disorders	Medicine	Health Sciences
T10146	Cervical Cancer and HPV Research	Medicine	Health Sciences
T11518	Cervical and Thoracic Myelopathy	Medicine	Health Sciences
T11532	Chemokine receptors and signaling	Medicine	Health Sciences
T11535	Chemotherapy-induced cardiotoxicity and mitigation	Medicine	Health Sciences
T12429	Chemotherapy-induced organ toxicity mitigation	Medicine	Health Sciences
T12937	Chemotherapy-related skin toxicity	Medicine	Health Sciences
T12235	Child Abuse and Related Trauma	Medicine	Health Sciences
T13393	Child Nutrition and Feeding Issues	Medicine	Health Sciences
T11141	Childhood Cancer Survivors' Quality of Life	Medicine	Health Sciences
T11364	Cholangiocarcinoma and Gallbladder Cancer Studies	Medicine	Health Sciences
T11618	Cholesterol and Lipid Metabolism	Medicine	Health Sciences
T12023	Cholinesterase and Neurodegenerative Diseases	Medicine	Health Sciences
T12246	Chronic Disease Management Strategies	Medicine	Health Sciences
T10408	Chronic Kidney Disease and Diabetes	Medicine	Health Sciences
T11157	Chronic Lymphocytic Leukemia Research	Medicine	Health Sciences
T11215	Chronic Myeloid Leukemia Treatments	Medicine	Health Sciences
T10143	Chronic Obstructive Pulmonary Disease (COPD) Research	Medicine	Health Sciences
T11314	Clinical Laboratory Practices and Quality Control	Medicine	Health Sciences
T12574	Clinical Reasoning and Diagnostic Skills	Medicine	Health Sciences
T12664	Clinical practice guidelines implementation	Medicine	Health Sciences
T11288	Clostridium difficile and Clostridium perfringens research	Medicine	Health Sciences
T14364	Clusterin in disease pathology	Medicine	Health Sciences
T11917	Coagulation, Bradykinin, Polyphosphates, and Angioedema	Medicine	Health Sciences
T11264	Coffee research and impacts	Medicine	Health Sciences
T10552	Colorectal Cancer Screening and Detection	Medicine	Health Sciences
T10335	Colorectal Cancer Surgical Treatments	Medicine	Health Sciences
T11067	Colorectal Cancer Treatments and Studies	Medicine	Health Sciences
T13110	Colorectal and Anal Carcinomas	Medicine	Health Sciences
T13100	Comparative Animal Anatomy Studies	Medicine	Health Sciences
T10902	Complementary and Alternative Medicine Studies	Medicine	Health Sciences
T12716	Congenital Anomalies and Fetal Surgery	Medicine	Health Sciences
T11586	Congenital Diaphragmatic Hernia Studies	Medicine	Health Sciences
T13738	Congenital Ear and Nasal Anomalies	Medicine	Health Sciences
T10300	Congenital Heart Disease Studies	Medicine	Health Sciences
T12237	Congenital gastrointestinal and neural anomalies	Medicine	Health Sciences
T12057	Consumer Attitudes and Food Labeling	Medicine	Health Sciences
T11033	Contact Dermatitis and Allergies	Medicine	Health Sciences
T11828	Corneal Surgery and Treatments	Medicine	Health Sciences
T10563	Corneal surgery and disorders	Medicine	Health Sciences
T12018	Coronary Artery Anomalies	Medicine	Health Sciences
T10193	Coronary Interventions and Diagnostics	Medicine	Health Sciences
T10392	Cutaneous Melanoma Detection and Management	Medicine	Health Sciences
T11811	Cutaneous lymphoproliferative disorders research	Medicine	Health Sciences
T10665	Cystic Fibrosis Research Advances	Medicine	Health Sciences
T11503	Cytokine Signaling Pathways and Interactions	Medicine	Health Sciences
T10981	Cytomegalovirus and herpesvirus research	Medicine	Health Sciences
T11819	Data-Driven Disease Surveillance	Medicine	Health Sciences
T10009	Dementia and Cognitive Impairment Research	Medicine	Health Sciences
T11172	Dermatologic Treatments and Research	Medicine	Health Sciences
T12796	Dermatological and COVID-19 studies	Medicine	Health Sciences
T12116	Dermatological diseases and infestations	Medicine	Health Sciences
T10837	Dermatology and Skin Diseases	Medicine	Health Sciences
T10793	Diabetes Management and Education	Medicine	Health Sciences
T10560	Diabetes Management and Research	Medicine	Health Sciences
T10401	Diabetes Treatment and Management	Medicine	Health Sciences
T10027	Diabetes, Cardiovascular Risks, and Lipoproteins	Medicine	Health Sciences
T11227	Diabetic Foot Ulcer Assessment and Management	Medicine	Health Sciences
T11453	Diagnosis and Treatment of Venous Diseases	Medicine	Health Sciences
T12578	Diagnosis and treatment of tuberculosis	Medicine	Health Sciences
T10291	Dialysis and Renal Disease Management	Medicine	Health Sciences
T12267	Diet and metabolism studies	Medicine	Health Sciences
T12964	Diet, Metabolism, and Disease	Medicine	Health Sciences
T12745	Dietary Effects on Health	Medicine	Health Sciences
T13953	Digital Imaging in Medicine	Medicine	Health Sciences
T11361	Digital Radiography and Breast Imaging	Medicine	Health Sciences
T13751	Diverse Approaches in Healthcare and Education Studies	Medicine	Health Sciences
T12518	Diverticular Disease and Complications	Medicine	Health Sciences
T11015	Down syndrome and intellectual disability research	Medicine	Health Sciences
T10570	Drug Transport and Resistance Mechanisms	Medicine	Health Sciences
T11117	Drug-Induced Adverse Reactions	Medicine	Health Sciences
T13467	Drug-Induced Ocular Toxicity	Medicine	Health Sciences
T13313	Dupuytren's Contracture and Treatments	Medicine	Health Sciences
T11021	ECG Monitoring and Analysis	Medicine	Health Sciences
T10861	Ear Surgery and Otitis Media	Medicine	Health Sciences
T14326	Ear and Head Tumors	Medicine	Health Sciences
T12096	Ectopic Pregnancy Diagnosis and Management	Medicine	Health Sciences
T11359	Effects of Radiation Exposure	Medicine	Health Sciences
T12269	Effects of Vibration on Health	Medicine	Health Sciences
T11427	Elbow and Forearm Trauma Treatment	Medicine	Health Sciences
T11921	Electroconvulsive Therapy Studies	Medicine	Health Sciences
T11967	Electrolyte and hormonal disorders	Medicine	Health Sciences
T14354	Emergency Medicine Education and Research	Medicine	Health Sciences
T11095	Emergency and Acute Care Studies	Medicine	Health Sciences
T11999	Empathy and Medical Education	Medicine	Health Sciences
T10668	Endometrial and Cervical Cancer Treatments	Medicine	Health Sciences
T10935	Endometriosis Research and Treatment	Medicine	Health Sciences
T12020	Enhanced Recovery After Surgery	Medicine	Health Sciences
T12600	Eosinophilic Disorders and Syndromes	Medicine	Health Sciences
T12538	Eosinophilic Esophagitis	Medicine	Health Sciences
T10094	Epilepsy research and treatment	Medicine	Health Sciences
T12286	Erythrocyte Function and Pathophysiology	Medicine	Health Sciences
T11534	Erythropoietin and Anemia Treatment	Medicine	Health Sciences
T10619	Esophageal Cancer Research and Treatment	Medicine	Health Sciences
T11658	Esophageal and GI Pathology	Medicine	Health Sciences
T14437	Ethics and Legal Issues in Pediatric Healthcare	Medicine	Health Sciences
T13147	Ethics and bioethics in healthcare	Medicine	Health Sciences
T10582	Ethics in Clinical Research	Medicine	Health Sciences
T11585	Exercise and Physiological Responses	Medicine	Health Sciences
T12301	Facial Nerve Paralysis Treatment and Research	Medicine	Health Sciences
T11322	Facial Rejuvenation and Surgery Techniques	Medicine	Health Sciences
T11562	Facial Trauma and Fracture Management	Medicine	Health Sciences
T12655	Female Genital Mutilation/Cutting Issues	Medicine	Health Sciences
T11297	Ferroptosis and cancer prognosis	Medicine	Health Sciences
T12552	Fetal and Pediatric Neurological Disorders	Medicine	Health Sciences
T11282	Fibromyalgia and Chronic Fatigue Syndrome Research	Medicine	Health Sciences
T12582	Flavonoids in Medical Research	Medicine	Health Sciences
T10499	Folate and B Vitamins Research	Medicine	Health Sciences
T10634	Food Allergy and Anaphylaxis Research	Medicine	Health Sciences
T10455	Foot and Ankle Surgery	Medicine	Health Sciences
T11910	Foreign Body Medical Cases	Medicine	Health Sciences
T11011	Frailty in Older Adults	Medicine	Health Sciences
T11085	Fungal Biology and Applications	Medicine	Health Sciences
T11037	Fungal Infections and Studies	Medicine	Health Sciences
T13452	GDF15 and Related Biomarkers	Medicine	Health Sciences
T10518	Gallbladder and Bile Duct Disorders	Medicine	Health Sciences
T10696	Gastric Cancer Management and Outcomes	Medicine	Health Sciences
T10671	Gastroesophageal reflux and treatments	Medicine	Health Sciences
T11378	Gastrointestinal Bleeding Diagnosis and Treatment	Medicine	Health Sciences
T11485	Gastrointestinal Tumor Research and Treatment	Medicine	Health Sciences
T11855	Gastrointestinal disorders and treatments	Medicine	Health Sciences
T10365	Gastrointestinal motility and disorders	Medicine	Health Sciences
T11369	Genetic factors in colorectal cancer	Medicine	Health Sciences
T11713	Genital Health and Disease	Medicine	Health Sciences
T10673	Gestational Diabetes Research and Management	Medicine	Health Sciences
T12587	Gestational Trophoblastic Disease Studies	Medicine	Health Sciences
T12846	Ginkgo biloba and Cashew Applications	Medicine	Health Sciences
T10250	Glaucoma and retinal disorders	Medicine	Health Sciences
T10129	Glioma Diagnosis and Treatment	Medicine	Health Sciences
T10556	Global Cancer Incidence and Screening	Medicine	Health Sciences
T11731	Global Health and Surgery	Medicine	Health Sciences
T10209	Global Maternal and Child Health	Medicine	Health Sciences
T12604	Glycogen Storage Diseases and Myoclonus	Medicine	Health Sciences
T11139	Gout, Hyperuricemia, Uric Acid	Medicine	Health Sciences
T10748	Growth Hormone and Insulin-like Growth Factors	Medicine	Health Sciences
T11589	Gynecological conditions and treatments	Medicine	Health Sciences
T10755	HER2/EGFR in Cancer Research	Medicine	Health Sciences
T11860	HIV, Drug Use, Sexual Risk	Medicine	Health Sciences
T11655	HIV-related health complications and treatments	Medicine	Health Sciences
T10082	HIV/AIDS Research and Interventions	Medicine	Health Sciences
T10526	HIV/AIDS drug development and treatment	Medicine	Health Sciences
T13761	HIV/AIDS oral health manifestations	Medicine	Health Sciences
T11167	Hair Growth and Disorders	Medicine	Health Sciences
T12631	Head and Neck Anomalies	Medicine	Health Sciences
T10307	Head and Neck Cancer Studies	Medicine	Health Sciences
T11669	Head and Neck Surgical Oncology	Medicine	Health Sciences
T14212	Health Promotion and Cardiovascular Prevention	Medicine	Health Sciences
T12168	Health and Medical Research Impacts	Medicine	Health Sciences
T12935	Healthcare Systems and Public Health	Medicine	Health Sciences
T13248	Healthcare Technology and Patient Monitoring	Medicine	Health Sciences
T12920	Healthcare and Environmental Waste Management	Medicine	Health Sciences
T14028	Healthcare and Venom Research	Medicine	Health Sciences
T10198	Heart Failure Treatment and Management	Medicine	Health Sciences
T10745	Heart Rate Variability and Autonomic Control	Medicine	Health Sciences
T13381	Heart rate and cardiovascular health	Medicine	Health Sciences
T10276	Helicobacter pylori-related gastroenterology studies	Medicine	Health Sciences
T13374	Hematological disorders and diagnostics	Medicine	Health Sciences
T10345	Hematopoietic Stem Cell Transplantation	Medicine	Health Sciences
T11700	Hemodynamic Monitoring and Therapy	Medicine	Health Sciences
T10554	Hemoglobinopathies and Related Disorders	Medicine	Health Sciences
T11280	Hemophilia Treatment and Research	Medicine	Health Sciences
T12548	Hemostasis and retained surgical items	Medicine	Health Sciences
T12352	Heparin-Induced Thrombocytopenia and Thrombosis	Medicine	Health Sciences
T10340	Hepatitis B Virus Studies	Medicine	Health Sciences
T10151	Hepatitis C virus research	Medicine	Health Sciences
T12025	Hepatitis Viruses Studies and Epidemiology	Medicine	Health Sciences
T10073	Hepatocellular Carcinoma Treatment and Prognosis	Medicine	Health Sciences
T13483	Herbal Medicine Research Studies	Medicine	Health Sciences
T10961	Hernia repair and management	Medicine	Health Sciences
T10625	Herpesvirus Infections and Treatments	Medicine	Health Sciences
T12960	Heterotopic Ossification and Related Conditions	Medicine	Health Sciences
T12731	Hidradenitis Suppurativa and Treatments	Medicine	Health Sciences
T11509	Hip and Femur Fractures	Medicine	Health Sciences
T11218	Hip disorders and treatments	Medicine	Health Sciences
T11909	Histiocytic Disorders and Treatments	Medicine	Health Sciences
T14275	Historical Medical Research and Treatments	Medicine	Health Sciences
T14199	Historical and Scientific Studies	Medicine	Health Sciences
T13735	History of Medical Practice	Medicine	Health Sciences
T11839	Hormonal Regulation and Hypertension	Medicine	Health Sciences
T11146	Hormonal and reproductive studies	Medicine	Health Sciences
T12174	Hospital Admissions and Outcomes	Medicine	Health Sciences
T13091	Human Health and Disease	Medicine	Health Sciences
T13775	Hydrogen's biological and therapeutic effects	Medicine	Health Sciences
T11623	Hyperglycemia and glycemic control in critically ill and hospitalized patients	Medicine	Health Sciences
T14057	Hypertrophic osteoarthropathy and related conditions	Medicine	Health Sciences
T10960	Hypothalamic control of reproductive hormones	Medicine	Health Sciences
T11576	IgG4-Related and Inflammatory Diseases	Medicine	Health Sciences
T11060	Infant Development and Preterm Care	Medicine	Health Sciences
T10990	Infection Control and Ventilation	Medicine	Health Sciences
T11000	Infection Control in Healthcare	Medicine	Health Sciences
T12453	Infectious Aortic and Vascular Conditions	Medicine	Health Sciences
T12914	Infectious Disease Case Reports and Treatments	Medicine	Health Sciences
T11381	Infectious Diseases and Tuberculosis	Medicine	Health Sciences
T13201	Infectious Encephalopathies and Encephalitis	Medicine	Health Sciences
T11551	Infective Endocarditis Diagnosis and Management	Medicine	Health Sciences
T11355	Inflammatory Biomarkers in Disease Prognosis	Medicine	Health Sciences
T11724	Inflammatory Myopathies and Dermatomyositis	Medicine	Health Sciences
T10678	Inflammatory mediators and NSAID effects	Medicine	Health Sciences
T10167	Influenza Virus Research Studies	Medicine	Health Sciences
T12994	Infrared Thermography in Medicine	Medicine	Health Sciences
T11651	Inhalation and Respiratory Drug Delivery	Medicine	Health Sciences
T11824	Injury Epidemiology and Prevention	Medicine	Health Sciences
T10254	Innovations in Medical Education	Medicine	Health Sciences
T10867	Intensive Care Unit Cognitive Disorders	Medicine	Health Sciences
T10870	Interstitial Lung Diseases and Idiopathic Pulmonary Fibrosis	Medicine	Health Sciences
T12150	Intestinal Malrotation and Obstruction Disorders	Medicine	Health Sciences
T12089	Intestinal and Peritoneal Adhesions	Medicine	Health Sciences
T11763	Intracerebral and Subarachnoid Hemorrhage Research	Medicine	Health Sciences
T10420	Intracranial Aneurysms: Treatment and Complications	Medicine	Health Sciences
T14126	Intramuscular injections and effects	Medicine	Health Sciences
T11291	Intraocular Surgery and Lenses	Medicine	Health Sciences
T12476	Intraoperative Neuromonitoring and Anesthetic Effects	Medicine	Health Sciences
T12064	Intraperitoneal and Appendiceal Malignancies	Medicine	Health Sciences
T10452	Iron Metabolism and Disorders	Medicine	Health Sciences
T11892	Kawasaki Disease and Coronary Complications	Medicine	Health Sciences
T10606	Kidney Stones and Urolithiasis Treatments	Medicine	Health Sciences
T10442	Knee injuries and reconstruction techniques	Medicine	Health Sciences
T11566	Laser Applications in Dentistry and Medicine	Medicine	Health Sciences
T13767	Leech Biology and Applications	Medicine	Health Sciences
T11662	Legal Cases and Commentary	Medicine	Health Sciences
T13945	Legal, Health, Environmental and COVID-19 Challenges	Medicine	Health Sciences
T12107	Leprosy Research and Treatment	Medicine	Health Sciences
T13430	Lipid metabolism and disorders	Medicine	Health Sciences
T10394	Lipoproteins and Cardiovascular Health	Medicine	Health Sciences
T13847	Literature Analysis and Criticism	Medicine	Health Sciences
T10351	Liver Disease Diagnosis and Treatment	Medicine	Health Sciences
T10337	Liver Disease and Transplantation	Medicine	Health Sciences
T11834	Liver Diseases and Immunity	Medicine	Health Sciences
T10966	Liver physiology and pathology	Medicine	Health Sciences
T11368	Long-Term Effects of COVID-19	Medicine	Health Sciences
T10202	Lung Cancer Diagnosis and Treatment	Medicine	Health Sciences
T12334	Lung Cancer Research Studies	Medicine	Health Sciences
T10417	Lung Cancer Treatments and Mutations	Medicine	Health Sciences
T13314	Lymphadenopathy Diagnosis and Analysis	Medicine	Health Sciences
T12426	Lymphatic Disorders and Treatments	Medicine	Health Sciences
T11469	Lymphatic System and Diseases	Medicine	Health Sciences
T10185	Lymphoma Diagnosis and Treatment	Medicine	Health Sciences
T10945	Lysosomal Storage Disorders Research	Medicine	Health Sciences
T11885	MRI in cancer diagnosis	Medicine	Health Sciences
T13677	Magnolia and Illicium research	Medicine	Health Sciences
T10091	Malaria Research and Control	Medicine	Health Sciences
T13097	Male Breast Health Studies	Medicine	Health Sciences
T12108	Management of metastatic bone disease	Medicine	Health Sciences
T13846	Mangiferin and Mango Extracts	Medicine	Health Sciences
T10786	Maternal Mental Health During Pregnancy and Postpartum	Medicine	Health Sciences
T10453	Maternal and Perinatal Health Interventions	Medicine	Health Sciences
T11389	Maternal and fetal healthcare	Medicine	Health Sciences
T10482	Mathematical and Theoretical Epidemiology and Ecology Models	Medicine	Health Sciences
T13533	Medical Case Reports and Studies	Medicine	Health Sciences
T12602	Medical Education and Admissions	Medicine	Health Sciences
T10522	Medical Imaging Techniques and Applications	Medicine	Health Sciences
T13759	Medical Imaging and Pathology Studies	Medicine	Health Sciences
T13444	Medical Research and Treatments	Medicine	Health Sciences
T13365	Medical and Biological Ozone Research	Medicine	Health Sciences
T14134	Medical and Biological Sciences	Medicine	Health Sciences
T13275	Medical and Health Sciences Research	Medicine	Health Sciences
T14020	Medical research and treatments	Medicine	Health Sciences
T11620	Medication Adherence and Compliance	Medicine	Health Sciences
T13090	Medicinal Plant Extracts Effects	Medicine	Health Sciences
T14461	Medicinal Plant Studies	Medicine	Health Sciences
T12891	Medicinal Plants and Neuroprotection	Medicine	Health Sciences
T13919	Medicinal plant effects and applications	Medicine	Health Sciences
T13597	Medicine and Dermatology Studies History	Medicine	Health Sciences
T14511	Medicine, History, and Philosophy	Medicine	Health Sciences
T11251	Meningioma and schwannoma management	Medicine	Health Sciences
T10694	Menopause: Health Impacts and Treatments	Medicine	Health Sciences
T12054	Menstrual Health and Disorders	Medicine	Health Sciences
T10176	Mesenchymal stem cell research	Medicine	Health Sciences
T10163	Metal complexes synthesis and properties	Medicine	Health Sciences
T12992	Metastasis and carcinoma case studies	Medicine	Health Sciences
T12845	Methemoglobinemia and Tumor Lysis Syndrome	Medicine	Health Sciences
T10252	Microbial Natural Products and Biosynthesis	Medicine	Health Sciences
T13569	Microscopic Colitis	Medicine	Health Sciences
T10498	Migraine and Headache Studies	Medicine	Health Sciences
T12053	Minimally Invasive Surgical Techniques	Medicine	Health Sciences
T11016	Monoclonal and Polyclonal Antibodies Research	Medicine	Health Sciences
T13792	Morinda citrifolia extract uses	Medicine	Health Sciences
T10166	Mosquito-borne diseases and control	Medicine	Health Sciences
T12747	Moyamoya disease diagnosis and treatment	Medicine	Health Sciences
T10649	Multiple Myeloma Research and Treatments	Medicine	Health Sciences
T10137	Multiple Sclerosis Research Studies	Medicine	Health Sciences
T14078	Multiple and Secondary Primary Cancers	Medicine	Health Sciences
T12117	Muscle and Compartmental Disorders	Medicine	Health Sciences
T13946	Musculoskeletal Disorders and Rehabilitation	Medicine	Health Sciences
T10084	Musculoskeletal pain and rehabilitation	Medicine	Health Sciences
T12800	Musculoskeletal synovial abnormalities and treatments	Medicine	Health Sciences
T14034	Musicians’ Health and Performance	Medicine	Health Sciences
T11271	Myasthenia Gravis and Thymoma	Medicine	Health Sciences
T11316	Mycobacterium research and diagnosis	Medicine	Health Sciences
T11628	Myeloproliferative Neoplasms: Diagnosis and Treatment	Medicine	Health Sciences
T11253	Nail Diseases and Treatments	Medicine	Health Sciences
T11812	Nasal Surgery and Airway Studies	Medicine	Health Sciences
T12523	Nasolacrimal Duct Obstruction Treatments	Medicine	Health Sciences
T11140	Natural Antidiabetic Agents Studies	Medicine	Health Sciences
T13026	Natural Compounds in Disease Treatment	Medicine	Health Sciences
T13828	Natural Products and Biological Research	Medicine	Health Sciences
T11785	Nausea and vomiting management	Medicine	Health Sciences
T12068	Neonatal Health and Biochemistry	Medicine	Health Sciences
T10549	Neonatal Respiratory Health Research	Medicine	Health Sciences
T11961	Neonatal and Maternal Infections	Medicine	Health Sciences
T11184	Neonatal and fetal brain pathology	Medicine	Health Sciences
T12962	Nephrotoxicity and Medicinal Plants	Medicine	Health Sciences
T12459	Nerve Injury and Rehabilitation	Medicine	Health Sciences
T12226	Neuroblastoma Research and Treatments	Medicine	Health Sciences
T10754	Neuroendocrine Tumor Research Advances	Medicine	Health Sciences
T11173	Neurofibromatosis and Schwannoma Cases	Medicine	Health Sciences
T12400	Neurogenetic and Muscular Disorders Research	Medicine	Health Sciences
T12464	Neurological Complications and Syndromes	Medicine	Health Sciences
T13966	Neurological and metabolic disorders	Medicine	Health Sciences
T10919	Neurological disorders and treatments	Medicine	Health Sciences
T12622	Neurosurgical Procedures and Complications	Medicine	Health Sciences
T12172	Neutropenia and Cancer Infections	Medicine	Health Sciences
T12750	Nigella sativa pharmacological applications	Medicine	Health Sciences
T10155	Nitric Oxide and Endothelin Effects	Medicine	Health Sciences
T11306	Nonmelanoma Skin Cancer Studies	Medicine	Health Sciences
T11681	Nosocomial Infections in ICU	Medicine	Health Sciences
T13112	Nutrition and Health Studies	Medicine	Health Sciences
T10397	Nutrition and Health in Aging	Medicine	Health Sciences
T10866	Nutritional Studies and Diet	Medicine	Health Sciences
T10010	Obesity, Physical Activity, Diet	Medicine	Health Sciences
T10234	Obstructive Sleep Apnea Research	Medicine	Health Sciences
T11026	Occupational and environmental lung diseases	Medicine	Health Sciences
T12208	Occupational exposure and asthma	Medicine	Health Sciences
T11194	Ocular Diseases and Behçet’s Syndrome	Medicine	Health Sciences
T11826	Ocular Infections and Treatments	Medicine	Health Sciences
T11328	Ocular Oncology and Treatments	Medicine	Health Sciences
T10997	Ocular Surface and Contact Lens	Medicine	Health Sciences
T13869	Ocular and Laser Science Research	Medicine	Health Sciences
T13962	Omental and Epiploic Conditions	Medicine	Health Sciences
T11538	Ophthalmology and Eye Disorders	Medicine	Health Sciences
T14384	Ophthalmology and Visual Health Research	Medicine	Health Sciences
T10381	Ophthalmology and Visual Impairment Studies	Medicine	Health Sciences
T10576	Opioid Use Disorder Treatment	Medicine	Health Sciences
T10977	Optical Imaging and Spectroscopy Techniques	Medicine	Health Sciences
T12198	Oral health in cancer treatment	Medicine	Health Sciences
T11163	Organ Donation and Transplantation	Medicine	Health Sciences
T10999	Organ Transplantation Techniques and Outcomes	Medicine	Health Sciences
T12900	Organ and Tissue Transplantation Research	Medicine	Health Sciences
T13543	Oropharyngeal Anatomy and Pathologies	Medicine	Health Sciences
T10512	Orthopaedic implants and arthroplasty	Medicine	Health Sciences
T11293	Orthopedic Infections and Treatments	Medicine	Health Sciences
T10630	Orthopedic Surgery and Rehabilitation	Medicine	Health Sciences
T10105	Osteoarthritis Treatment and Mechanisms	Medicine	Health Sciences
T13328	Osteomyelitis and Bone Disorders Research	Medicine	Health Sciences
T14015	Otitis Media and Relapsing Polychondritis	Medicine	Health Sciences
T12297	Otolaryngology and Infectious Diseases	Medicine	Health Sciences
T10550	Ovarian cancer diagnosis and treatment	Medicine	Health Sciences
T10390	Ovarian function and disorders	Medicine	Health Sciences
T11914	PARP inhibition in cancer therapy	Medicine	Health Sciences
T11199	Pain Management and Opioid Use	Medicine	Health Sciences
T11840	Pain Management and Treatment	Medicine	Health Sciences
T10196	Pain Mechanisms and Treatments	Medicine	Health Sciences
T10177	Palliative Care and End-of-Life Issues	Medicine	Health Sciences
T13340	Palliative and Oncologic Care	Medicine	Health Sciences
T10231	Pancreatic and Hepatic Oncology Research	Medicine	Health Sciences
T10839	Pancreatic function and diabetes	Medicine	Health Sciences
T10760	Pancreatitis Pathology and Treatment	Medicine	Health Sciences
T14478	Papaya Research and Applications	Medicine	Health Sciences
T13639	Paraquat toxicity studies and treatments	Medicine	Health Sciences
T11702	Parasitic Diseases Research and Treatment	Medicine	Health Sciences
T11154	Parasitic infections in humans and animals	Medicine	Health Sciences
T10516	Parathyroid Disorders and Treatments	Medicine	Health Sciences
T10085	Parkinson's Disease Mechanisms and Treatments	Medicine	Health Sciences
T14286	Parkinson's Disease and Spinal Disorders	Medicine	Health Sciences
T12849	Parvovirus B19 Infection Studies	Medicine	Health Sciences
T14344	Pathogenesis and Treatment of Hiccups	Medicine	Health Sciences
T13048	Patient Dignity and Privacy	Medicine	Health Sciences
T12830	Pectus Deformity Diagnosis and Treatment	Medicine	Health Sciences
T12460	Pediatric Hepatobiliary Diseases and Treatments	Medicine	Health Sciences
T11292	Pediatric Pain Management Techniques	Medicine	Health Sciences
T11174	Pediatric Urology and Nephrology Studies	Medicine	Health Sciences
T12154	Pelvic and Acetabular Injuries	Medicine	Health Sciences
T10418	Pelvic floor disorders treatments	Medicine	Health Sciences
T12505	Peptidase Inhibition and Analysis	Medicine	Health Sciences
T12291	Pericarditis and Cardiac Tamponade	Medicine	Health Sciences
T11570	Periodontal Regeneration and Treatments	Medicine	Health Sciences
T10926	Peripheral Artery Disease Management	Medicine	Health Sciences
T10954	Peripheral Nerve Disorders	Medicine	Health Sciences
T11735	Peripheral Neuropathies and Disorders	Medicine	Health Sciences
T10496	Pharmaceutical Practices and Patient Outcomes	Medicine	Health Sciences
T12878	Pharmaceutical Quality and Counterfeiting	Medicine	Health Sciences
T12547	Pharmaceutical studies and practices	Medicine	Health Sciences
T12229	Pharmacological Effects and Toxicity Studies	Medicine	Health Sciences
T13335	Pharmacological Effects of Medicinal Plants	Medicine	Health Sciences
T12539	Pharmacology and Obesity Treatment	Medicine	Health Sciences
T13809	Philosophy, Health, and Society	Medicine	Health Sciences
T12419	Phonocardiography and Auscultation Techniques	Medicine	Health Sciences
T10957	Photodynamic Therapy Research Studies	Medicine	Health Sciences
T10352	Physical Activity and Health	Medicine	Health Sciences
T13776	Phytochemical and Pharmacological Studies	Medicine	Health Sciences
T10035	Phytochemicals and Antioxidant Activities	Medicine	Health Sciences
T12298	Phytochemicals and Medicinal Plants	Medicine	Health Sciences
T11318	Phytoestrogen effects and research	Medicine	Health Sciences
T10832	Pituitary Gland Disorders and Treatments	Medicine	Health Sciences
T10642	Plasma Applications and Diagnostics	Medicine	Health Sciences
T10746	Platelet Disorders and Treatments	Medicine	Health Sciences
T11356	Pleural and Pulmonary Diseases	Medicine	Health Sciences
T12369	Pneumocystis jirovecii pneumonia detection and treatment	Medicine	Health Sciences
T10654	Pneumonia and Respiratory Infections	Medicine	Health Sciences
T12818	Pneumothorax, Barotrauma, Emphysema	Medicine	Health Sciences
T11635	Poisoning and overdose treatments	Medicine	Health Sciences
T11827	Polyomavirus and related diseases	Medicine	Health Sciences
T12876	Potassium and Related Disorders	Medicine	Health Sciences
T11964	Pregnancy and Medication Impact	Medicine	Health Sciences
T10290	Pregnancy and preeclampsia studies	Medicine	Health Sciences
T12715	Pregnancy-related medical research	Medicine	Health Sciences
T10978	Prenatal Screening and Diagnostics	Medicine	Health Sciences
T11633	Prenatal Substance Exposure Effects	Medicine	Health Sciences
T11290	Preterm Birth and Chorioamnionitis	Medicine	Health Sciences
T10124	Prostate Cancer Diagnosis and Treatment	Medicine	Health Sciences
T10543	Prostate Cancer Treatment and Research	Medicine	Health Sciences
T11334	Psychosomatic Disorders and Their Treatments	Medicine	Health Sciences
T14495	Public Health and Nutrition	Medicine	Health Sciences
T10728	Pulmonary Hypertension Research and Treatments	Medicine	Health Sciences
T10844	Radiation Dose and Imaging	Medicine	Health Sciences
T11176	Radiation Therapy and Dosimetry	Medicine	Health Sciences
T11894	Radiology practices and education	Medicine	Health Sciences
T12422	Radiomics and Machine Learning in Medical Imaging	Medicine	Health Sciences
T11395	Radiopharmaceutical Chemistry and Applications	Medicine	Health Sciences
T11866	Reconstructive Facial Surgery Techniques	Medicine	Health Sciences
T10599	Reconstructive Surgery and Microvascular Techniques	Medicine	Health Sciences
T11029	Renal Diseases and Glomerulopathies	Medicine	Health Sciences
T10373	Renal Transplantation Outcomes and Treatments	Medicine	Health Sciences
T12067	Renal and Vascular Pathologies	Medicine	Health Sciences
T10449	Renal cell carcinoma treatment	Medicine	Health Sciences
T12840	Renal function and acid-base balance	Medicine	Health Sciences
T11001	Renin-Angiotensin System Studies	Medicine	Health Sciences
T10364	Reproductive Biology and Fertility	Medicine	Health Sciences
T10600	Reproductive Health and Contraception	Medicine	Health Sciences
T11156	Reproductive Health and Technologies	Medicine	Health Sciences
T10823	Research on Leishmaniasis Studies	Medicine	Health Sciences
T10322	Respiratory Support and Mechanisms	Medicine	Health Sciences
T12418	Respiratory and Cough-Related Research	Medicine	Health Sciences
T11243	Respiratory viral infections research	Medicine	Health Sciences
T12569	Restless Legs Syndrome Research	Medicine	Health Sciences
T13001	Restraint-Related Deaths	Medicine	Health Sciences
T10170	Retinal Diseases and Treatments	Medicine	Health Sciences
T11438	Retinal Imaging and Analysis	Medicine	Health Sciences
T11377	Retinal and Macular Surgery	Medicine	Health Sciences
T12599	Retinal and Optic Conditions	Medicine	Health Sciences
T12484	Retinopathy of Prematurity Studies	Medicine	Health Sciences
T10200	Rheumatoid Arthritis Research and Therapies	Medicine	Health Sciences
T10118	SARS-CoV-2 and COVID-19 Research	Medicine	Health Sciences
T11754	SARS-CoV-2 detection and testing	Medicine	Health Sciences
T12758	Saffron Plant Research Studies	Medicine	Health Sciences
T11521	Salivary Gland Disorders and Functions	Medicine	Health Sciences
T11035	Salivary Gland Tumors Diagnosis and Treatment	Medicine	Health Sciences
T11571	Sarcoidosis and Beryllium Toxicity Research	Medicine	Health Sciences
T10253	Sarcoma Diagnosis and Treatment	Medicine	Health Sciences
T10023	Schizophrenia research and treatment	Medicine	Health Sciences
T13656	Science, Research, and Medicine	Medicine	Health Sciences
T11030	Scoliosis diagnosis and treatment	Medicine	Health Sciences
T10218	Sepsis Diagnosis and Treatment	Medicine	Health Sciences
T13252	Sex and Gender in Healthcare	Medicine	Health Sciences
T10459	Sexual function and dysfunction studies	Medicine	Health Sciences
T10280	Shoulder Injury and Treatment	Medicine	Health Sciences
T12411	Shoulder and Clavicle Injuries	Medicine	Health Sciences
T12689	Silymarin and Mushroom Poisoning	Medicine	Health Sciences
T11238	Simulation-Based Education in Healthcare	Medicine	Health Sciences
T10984	Sinusitis and nasal conditions	Medicine	Health Sciences
T11051	Sirtuins and Resveratrol in Medicine	Medicine	Health Sciences
T12433	Skin Diseases and Diabetes	Medicine	Health Sciences
T11013	Skin Protection and Aging	Medicine	Health Sciences
T10060	Smoking Behavior and Cessation	Medicine	Health Sciences
T11991	Soft tissue tumor case studies	Medicine	Health Sciences
T13363	Soft tissue tumors and treatment	Medicine	Health Sciences
T12005	Spaceflight effects on biology	Medicine	Health Sciences
T10116	Sperm and Testicular Function	Medicine	Health Sciences
T10925	Spinal Cord Injury Research	Medicine	Health Sciences
T11833	Spinal Dysraphism and Malformations	Medicine	Health Sciences
T10776	Spinal Fractures and Fixation Techniques	Medicine	Health Sciences
T13323	Spinal Hematomas and Complications	Medicine	Health Sciences
T10238	Spine and Intervertebral Disc Pathology	Medicine	Health Sciences
T11092	Spondyloarthritis Studies and Treatments	Medicine	Health Sciences
T10157	Sports Performance and Training	Medicine	Health Sciences
T11246	Sports injuries and prevention	Medicine	Health Sciences
T12769	Stoma care and complications	Medicine	Health Sciences
T11153	Streptococcal Infections and Treatments	Medicine	Health Sciences
T10510	Stroke Rehabilitation and Recovery	Medicine	Health Sciences
T10043	Substance Abuse Treatment and Outcomes	Medicine	Health Sciences
T10916	Surgical Simulation and Training	Medicine	Health Sciences
T12906	Surgical Sutures and Adhesives	Medicine	Health Sciences
T11080	Surgical site infection prevention	Medicine	Health Sciences
T12625	Sympathectomy and Hyperhidrosis Treatments	Medicine	Health Sciences
T13023	Synthesis of Organic Compounds	Medicine	Health Sciences
T11934	Syphilis Diagnosis and Treatment	Medicine	Health Sciences
T10308	Systemic Lupus Erythematosus Research	Medicine	Health Sciences
T11330	Systemic Sclerosis and Related Diseases	Medicine	Health Sciences
T12082	Takotsubo Cardiomyopathy and Associated Phenomena	Medicine	Health Sciences
T11411	Tea Polyphenols and Effects	Medicine	Health Sciences
T14512	Technology and Human Factors in Education and Health	Medicine	Health Sciences
T10912	Telemedicine and Telehealth Implementation	Medicine	Health Sciences
T10937	Telomeres, Telomerase, and Senescence	Medicine	Health Sciences
T11068	Tendon Structure and Treatment	Medicine	Health Sciences
T12183	Teratomas and Epidermoid Cysts	Medicine	Health Sciences
T11069	Testicular diseases and treatments	Medicine	Health Sciences
T11861	Thermal Regulation in Medicine	Medicine	Health Sciences
T11109	Thermoregulation and physiological responses	Medicine	Health Sciences
T10329	Thyroid Cancer Diagnosis and Treatment	Medicine	Health Sciences
T10293	Thyroid Disorders and Treatments	Medicine	Health Sciences
T11728	Thyroid and Parathyroid Surgery	Medicine	Health Sciences
T12264	Tissue Engineering and Regenerative Medicine	Medicine	Health Sciences
T10562	Total Knee Arthroplasty Outcomes	Medicine	Health Sciences
T11260	Tracheal and airway disorders	Medicine	Health Sciences
T11709	Traditional Chinese Medicine Analysis	Medicine	Health Sciences
T12647	Traditional Chinese Medicine Studies	Medicine	Health Sciences
T11189	Transplantation: Methods and Outcomes	Medicine	Health Sciences
T11951	Trauma Management and Diagnosis	Medicine	Health Sciences
T11467	Trauma and Emergency Care Studies	Medicine	Health Sciences
T11116	Trauma, Hemostasis, Coagulopathy, Resuscitation	Medicine	Health Sciences
T10416	Traumatic Brain Injury Research	Medicine	Health Sciences
T10706	Traumatic Brain Injury and Neurovascular Disturbances	Medicine	Health Sciences
T11867	Traumatic Ocular and Foreign Body Injuries	Medicine	Health Sciences
T12402	Travel-related health issues	Medicine	Health Sciences
T11071	Treatment of Major Depression	Medicine	Health Sciences
T12193	Trigeminal Neuralgia and Treatments	Medicine	Health Sciences
T10890	Trypanosoma species research and implications	Medicine	Health Sciences
T10038	Tuberculosis Research and Epidemiology	Medicine	Health Sciences
T12049	Tuberous Sclerosis Complex Research	Medicine	Health Sciences
T13383	Tumors and Oncological Cases	Medicine	Health Sciences
T10727	Ultrasound Imaging and Elastography	Medicine	Health Sciences
T11738	Ultrasound in Clinical Applications	Medicine	Health Sciences
T12634	Ureteral procedures and complications	Medicine	Health Sciences
T10279	Urinary Bladder and Prostate Research	Medicine	Health Sciences
T11232	Urinary Tract Infections Management	Medicine	Health Sciences
T12695	Urinary and Genital Oncology Studies	Medicine	Health Sciences
T12866	Urologic and reproductive health conditions	Medicine	Health Sciences
T11815	Urological Disorders and Treatments	Medicine	Health Sciences
T12438	Urticaria and Related Conditions	Medicine	Health Sciences
T10989	Uterine Myomas and Treatments	Medicine	Health Sciences
T12199	Vascular Anomalies and Treatments	Medicine	Health Sciences
T11402	Vascular Malformations Diagnosis and Treatment	Medicine	Health Sciences
T10980	Vascular Malformations and Hemangiomas	Medicine	Health Sciences
T11554	Vascular Procedures and Complications	Medicine	Health Sciences
T12278	Vascular Tumors and Angiosarcomas	Medicine	Health Sciences
T12342	Vascular anomalies and interventions	Medicine	Health Sciences
T10697	Vasculitis and related conditions	Medicine	Health Sciences
T10285	Venous Thromboembolism Diagnosis and Management	Medicine	Health Sciences
T11149	Veterinary Oncology Research	Medicine	Health Sciences
T11112	Viral Infections and Immunology Research	Medicine	Health Sciences
T11581	Viral Infections and Outbreaks Research	Medicine	Health Sciences
T12047	Viral Infections and Vectors	Medicine	Health Sciences
T10976	Viral gastroenteritis research and epidemiology	Medicine	Health Sciences
T10685	Viral-associated cancers and disorders	Medicine	Health Sciences
T11135	Virology and Viral Diseases	Medicine	Health Sciences
T10277	Vitamin D Research Studies	Medicine	Health Sciences
T10863	Voice and Speech Disorders	Medicine	Health Sciences
T13834	Whipple's Disease and Interleukins	Medicine	Health Sciences
T13176	Winter Sports Injuries and Performance	Medicine	Health Sciences
T13544	Women's cancer prevention and management	Medicine	Health Sciences
T10771	Wound Healing and Treatments	Medicine	Health Sciences
T12654	Xenotransplantation and immune response	Medicine	Health Sciences
T12492	Zoonotic diseases and public health	Medicine	Health Sciences
T11584	Biochemical Analysis and Sensing Techniques	Nursing	Health Sciences
T10596	Child Nutrition and Water Access	Nursing	Health Sciences
T10858	Clinical Nutrition and Gastroenterology	Nursing	Health Sciences
T10387	Fatty Acid Research and Health	Nursing	Health Sciences
T13479	Food Science and Nutritional Studies	Nursing	Health Sciences
T10140	Food composition and properties	Nursing	Health Sciences
T12244	Healthcare Education and Workforce Issues	Nursing	Health Sciences
T11294	Infant Nutrition and Health	Nursing	Health Sciences
T12280	Magnesium in Health and Disease	Nursing	Health Sciences
T12489	Microbial Metabolites in Food Biotechnology	Nursing	Health Sciences
T12790	Nursing Diagnosis and Documentation	Nursing	Health Sciences
T14316	Nursing Education, Practice, and Leadership	Nursing	Health Sciences
T10186	Nursing education and management	Nursing	Health Sciences
T12873	Nutrition, Health and Food Behavior	Nursing	Health Sciences
T12314	Nuts composition and effects	Nursing	Health Sciences
T12638	Pomegranate: compositions and health benefits	Nursing	Health Sciences
T11107	Selenium in Biological Systems	Nursing	Health Sciences
T12075	Sodium Intake and Health	Nursing	Health Sciences
T10915	Trace Elements in Health	Nursing	Health Sciences
T12554	Vitamin C and Antioxidants Research	Nursing	Health Sciences
T13004	Vitamin K Research Studies	Nursing	Health Sciences
T10838	Animal Behavior and Welfare Studies	Veterinary	Health Sciences
T12322	Animal health and immunology	Veterinary	Health Sciences
T12281	Animal testing and alternatives	Veterinary	Health Sciences
T11899	Brucella: diagnosis, epidemiology, treatment	Veterinary	Health Sciences
T11074	Helminth infection and control	Veterinary	Health Sciences
T13385	Infectious Diseases and Mycology	Veterinary	Health Sciences
T10872	Veterinary Equine Medical Research	Veterinary	Health Sciences
T11580	Veterinary Medicine and Surgery	Veterinary	Health Sciences
T12249	Veterinary Orthopedics and Neurology	Veterinary	Health Sciences
T11905	Veterinary Pharmacology and Anesthesia	Veterinary	Health Sciences
T13791	Veterinary medicine and infectious diseases	Veterinary	Health Sciences
T14438	Advanced Scientific Research Methods	Agricultural and Biological Sciences	Life Sciences
T12630	African Botany and Ecology Studies	Agricultural and Biological Sciences	Life Sciences
T13478	Agricultural Development and Management	Agricultural and Biological Sciences	Life Sciences
T13378	Agricultural Development and Policies	Agricultural and Biological Sciences	Life Sciences
T12033	Agricultural Economics and Policy	Agricultural and Biological Sciences	Life Sciences
T13508	Agricultural Economics and Practices	Agricultural and Biological Sciences	Life Sciences
T10367	Agricultural Innovations and Practices	Agricultural and Biological Sciences	Life Sciences
T13008	Agricultural Practices and Plant Genetics	Agricultural and Biological Sciences	Life Sciences
T13628	Agricultural Productivity and Crop Improvement	Agricultural and Biological Sciences	Life Sciences
T13678	Agricultural Research and Practices	Agricultural and Biological Sciences	Life Sciences
T12294	Agricultural Science and Fertilization	Agricultural and Biological Sciences	Life Sciences
T13899	Agricultural Systems and Practices	Agricultural and Biological Sciences	Life Sciences
T12181	Agricultural and Biological Research	Agricultural and Biological Sciences	Life Sciences
T13054	Agricultural and Financial Auditing	Agricultural and Biological Sciences	Life Sciences
T14272	Agricultural and Food Production Studies	Agricultural and Biological Sciences	Life Sciences
T14256	Agricultural and Food Sciences	Agricultural and Biological Sciences	Life Sciences
T13668	Agricultural and Rural Development Research	Agricultural and Biological Sciences	Life Sciences
T13125	Agricultural pest management studies	Agricultural and Biological Sciences	Life Sciences
T11886	Agricultural risk and resilience	Agricultural and Biological Sciences	Life Sciences
T13165	Agricultural safety and regulations	Agricultural and Biological Sciences	Life Sciences
T13630	Agriculture Market Analysis Ukraine	Agricultural and Biological Sciences	Life Sciences
T13010	Agriculture and Agroindustry Studies	Agricultural and Biological Sciences	Life Sciences
T14018	Agriculture and Biological Studies	Agricultural and Biological Sciences	Life Sciences
T12732	Agriculture and Farm Safety	Agricultural and Biological Sciences	Life Sciences
T13396	Agriculture and Rural Development Research	Agricultural and Biological Sciences	Life Sciences
T14398	Agriculture and Social Issues	Agricultural and Biological Sciences	Life Sciences
T11862	Agriculture, Land Use, Rural Development	Agricultural and Biological Sciences	Life Sciences
T13246	Agriculture, Plant Science, Crop Management	Agricultural and Biological Sciences	Life Sciences
T14137	Agriculture, Soil, Plant Science	Agricultural and Biological Sciences	Life Sciences
T13009	Agroforestry and silvopastoral systems	Agricultural and Biological Sciences	Life Sciences
T12436	Agronomic Practices and Intercropping Systems	Agricultural and Biological Sciences	Life Sciences
T12058	Allelopathy and phytotoxic interactions	Agricultural and Biological Sciences	Life Sciences
T12211	Aluminum toxicity and tolerance in plants and animals	Agricultural and Biological Sciences	Life Sciences
T10174	Animal Behavior and Reproduction	Agricultural and Biological Sciences	Life Sciences
T11560	Animal Disease Management and Epidemiology	Agricultural and Biological Sciences	Life Sciences
T13540	Animal Diversity and Health Studies	Agricultural and Biological Sciences	Life Sciences
T12944	Animal Nutrition and Health	Agricultural and Biological Sciences	Life Sciences
T10152	Animal Nutrition and Physiology	Agricultural and Biological Sciences	Life Sciences
T11495	Animal Virus Infections Studies	Agricultural and Biological Sciences	Life Sciences
T10450	Aquaculture Nutrition and Growth	Agricultural and Biological Sciences	Life Sciences
T13892	Aquatic life and conservation	Agricultural and Biological Sciences	Life Sciences
T12665	Bamboo properties and applications	Agricultural and Biological Sciences	Life Sciences
T12795	Banana Cultivation and Research	Agricultural and Biological Sciences	Life Sciences
T13288	Banking, Crisis Management, COVID-19 Impact	Agricultural and Biological Sciences	Life Sciences
T11228	Bat Biology and Ecology Studies	Agricultural and Biological Sciences	Life Sciences
T11386	Bee Products Chemical Analysis	Agricultural and Biological Sciences	Life Sciences
T12605	Berry genetics and cultivation research	Agricultural and Biological Sciences	Life Sciences
T14194	Bioactive Compounds in Plants	Agricultural and Biological Sciences	Life Sciences
T12832	Biocrusts and Microbial Ecology	Agricultural and Biological Sciences	Life Sciences
T13240	Bioeconomy and Sustainability Development	Agricultural and Biological Sciences	Life Sciences
T12003	Bioenergy crop production and management	Agricultural and Biological Sciences	Life Sciences
T12701	Biological Control of Invasive Species	Agricultural and Biological Sciences	Life Sciences
T12330	Botanical Research and Applications	Agricultural and Biological Sciences	Life Sciences
T13506	Botanical Research and Chemistry	Agricultural and Biological Sciences	Life Sciences
T13238	Botanical Studies and Applications	Agricultural and Biological Sciences	Life Sciences
T14310	Botany and Geology in Latin America and Caribbean	Agricultural and Biological Sciences	Life Sciences
T12618	Botany and Plant Ecology Studies	Agricultural and Biological Sciences	Life Sciences
T13015	Botany, Ecology, and Taxonomy Studies	Agricultural and Biological Sciences	Life Sciences
T11836	Bryophyte Studies and Records	Agricultural and Biological Sciences	Life Sciences
T12305	Cassava research and cyanide	Agricultural and Biological Sciences	Life Sciences
T12596	Cephalopods and Marine Biology	Agricultural and Biological Sciences	Life Sciences
T10434	Chromosomal and Genetic Variations	Agricultural and Biological Sciences	Life Sciences
T10439	Climate change impacts on agriculture	Agricultural and Biological Sciences	Life Sciences
T12691	Coccidia and coccidiosis research	Agricultural and Biological Sciences	Life Sciences
T13069	Cocoa and Sweet Potato Agronomy	Agricultural and Biological Sciences	Life Sciences
T11494	Coleoptera Taxonomy and Distribution	Agricultural and Biological Sciences	Life Sciences
T13781	Coleoptera: Cerambycidae studies	Agricultural and Biological Sciences	Life Sciences
T13950	Collembola Taxonomy and Ecology Studies	Agricultural and Biological Sciences	Life Sciences
T11275	Composting and Vermicomposting Techniques	Agricultural and Biological Sciences	Life Sciences
T12310	Crop Yield and Soil Fertility	Agricultural and Biological Sciences	Life Sciences
T11925	Culinary Culture and Tourism	Agricultural and Biological Sciences	Life Sciences
T13390	Cultural and Social Dynamics	Agricultural and Biological Sciences	Life Sciences
T13992	Cynara cardunculus studies	Agricultural and Biological Sciences	Life Sciences
T12894	Date Palm Research Studies	Agricultural and Biological Sciences	Life Sciences
T12606	Diptera species taxonomy and behavior	Agricultural and Biological Sciences	Life Sciences
T12904	Diverse Educational Innovations Studies	Agricultural and Biological Sciences	Life Sciences
T12841	Echinoderm biology and ecology	Agricultural and Biological Sciences	Life Sciences
T14009	Ecology and Conservation Studies	Agricultural and Biological Sciences	Life Sciences
T13468	Educational Research and Science Teaching	Agricultural and Biological Sciences	Life Sciences
T12365	Effects of Environmental Stressors on Livestock	Agricultural and Biological Sciences	Life Sciences
T12710	Engineering and Agricultural Innovations	Agricultural and Biological Sciences	Life Sciences
T14378	Entomological Studies and Ecology	Agricultural and Biological Sciences	Life Sciences
T11436	Entomopathogenic Microorganisms in Pest Control	Agricultural and Biological Sciences	Life Sciences
T11136	Enzyme-mediated dye degradation	Agricultural and Biological Sciences	Life Sciences
T10225	Essential Oils and Antimicrobial Activity	Agricultural and Biological Sciences	Life Sciences
T10431	Ethnobotanical and Medicinal Plants Studies	Agricultural and Biological Sciences	Life Sciences
T10750	Fermentation and Sensory Analysis	Agricultural and Biological Sciences	Life Sciences
T12359	Fern and Epiphyte Biology	Agricultural and Biological Sciences	Life Sciences
T12319	Fish Biology and Ecology Studies	Agricultural and Biological Sciences	Life Sciences
T14405	Fisheries and Aquaculture Studies	Agricultural and Biological Sciences	Life Sciences
T12834	Flowering Plant Growth and Cultivation	Agricultural and Biological Sciences	Life Sciences
T12349	Food Chemistry and Fat Analysis	Agricultural and Biological Sciences	Life Sciences
T10650	Food Drying and Modeling	Agricultural and Biological Sciences	Life Sciences
T14010	Food Industry and Aquatic Biology	Agricultural and Biological Sciences	Life Sciences
T12385	Food Quality and Safety Studies	Agricultural and Biological Sciences	Life Sciences
T11957	Food Safety and Hygiene	Agricultural and Biological Sciences	Life Sciences
T14269	Food Security and Socioeconomic Dynamics	Agricultural and Biological Sciences	Life Sciences
T12486	Food Supply Chain Traceability	Agricultural and Biological Sciences	Life Sciences
T12583	Food Waste Reduction and Sustainability	Agricultural and Biological Sciences	Life Sciences
T14127	Food and Agricultural Sciences	Agricultural and Biological Sciences	Life Sciences
T14124	Food, Nutrition, and Cultural Practices	Agricultural and Biological Sciences	Life Sciences
T11706	Forensic Entomology and Diptera Studies	Agricultural and Biological Sciences	Life Sciences
T12713	Forest Ecology and Biodiversity Studies	Agricultural and Biological Sciences	Life Sciences
T14050	Forest Ecology and Conservation	Agricultural and Biological Sciences	Life Sciences
T12001	Fossil Insects in Amber	Agricultural and Biological Sciences	Life Sciences
T11900	Fungal Plant Pathogen Control	Agricultural and Biological Sciences	Life Sciences
T13142	GABA and Rice Research	Agricultural and Biological Sciences	Life Sciences
T11979	Garlic and Onion Studies	Agricultural and Biological Sciences	Life Sciences
T12115	Genetic and Environmental Crop Studies	Agricultural and Biological Sciences	Life Sciences
T11426	Genetically Modified Organisms Research	Agricultural and Biological Sciences	Life Sciences
T11229	Genetics and Plant Breeding	Agricultural and Biological Sciences	Life Sciences
T12093	Greenhouse Technology and Climate Control	Agricultural and Biological Sciences	Life Sciences
T12113	Growth and nutrition in plants	Agricultural and Biological Sciences	Life Sciences
T12329	Hemiptera Insect Studies	Agricultural and Biological Sciences	Life Sciences
T11796	Horticultural and Viticultural Research	Agricultural and Biological Sciences	Life Sciences
T14054	Humic Substances and Bio-Organic Studies	Agricultural and Biological Sciences	Life Sciences
T12132	Hymenoptera taxonomy and phylogeny	Agricultural and Biological Sciences	Life Sciences
T13934	Indigenous Knowledge Systems and Agriculture	Agricultural and Biological Sciences	Life Sciences
T13391	Innovations in Aquaponics and Hydroponics Systems	Agricultural and Biological Sciences	Life Sciences
T11065	Insect Pest Control Strategies	Agricultural and Biological Sciences	Life Sciences
T12321	Insect Pheromone Research and Control	Agricultural and Biological Sciences	Life Sciences
T12336	Insect Utilization and Effects	Agricultural and Biological Sciences	Life Sciences
T11641	Insect and Pesticide Research	Agricultural and Biological Sciences	Life Sciences
T12043	Insect behavior and control techniques	Agricultural and Biological Sciences	Life Sciences
T12134	Insect symbiosis and bacterial influences	Agricultural and Biological Sciences	Life Sciences
T10135	Insect-Plant Interactions and Control	Agricultural and Biological Sciences	Life Sciences
T14399	Invertebrate Taxonomy and Ecology	Agricultural and Biological Sciences	Life Sciences
T11404	Irrigation Practices and Water Management	Agricultural and Biological Sciences	Life Sciences
T11789	Land Rights and Reforms	Agricultural and Biological Sciences	Life Sciences
T13011	Latin American rural development	Agricultural and Biological Sciences	Life Sciences
T14365	Leaf Properties and Growth Measurement	Agricultural and Biological Sciences	Life Sciences
T11470	Legume Nitrogen Fixing Symbiosis	Agricultural and Biological Sciences	Life Sciences
T11528	Lichen and fungal ecology	Agricultural and Biological Sciences	Life Sciences
T11268	Light effects on plants	Agricultural and Biological Sciences	Life Sciences
T14195	Linguistic and Cultural Studies	Agricultural and Biological Sciences	Life Sciences
T14499	Livestock Farming and Management	Agricultural and Biological Sciences	Life Sciences
T13358	Livestock Management and Performance Improvement	Agricultural and Biological Sciences	Life Sciences
T13294	Livestock and Poultry Management	Agricultural and Biological Sciences	Life Sciences
T14367	Logistics and Infrastructure Analysis	Agricultural and Biological Sciences	Life Sciences
T10333	Meat and Animal Product Quality	Agricultural and Biological Sciences	Life Sciences
T14521	Medicinal Plant Research	Agricultural and Biological Sciences	Life Sciences
T12455	Mediterranean and Iberian flora and fauna	Agricultural and Biological Sciences	Life Sciences
T13871	Melamine detection and toxicity	Agricultural and Biological Sciences	Life Sciences
T12048	Microencapsulation and Drying Processes	Agricultural and Biological Sciences	Life Sciences
T11226	Milk Quality and Mastitis in Dairy Cows	Agricultural and Biological Sciences	Life Sciences
T13857	Mining and Industrial Processes	Agricultural and Biological Sciences	Life Sciences
T12234	Mollusks and Parasites Studies	Agricultural and Biological Sciences	Life Sciences
T12721	Moringa oleifera research and applications	Agricultural and Biological Sciences	Life Sciences
T10451	Mycorrhizal Fungi and Plant Interactions	Agricultural and Biological Sciences	Life Sciences
T10520	Mycotoxins in Agriculture and Food	Agricultural and Biological Sciences	Life Sciences
T12087	Natural Compound Pharmacology Studies	Agricultural and Biological Sciences	Life Sciences
T14505	Natural Products and Applications	Agricultural and Biological Sciences	Life Sciences
T11179	Nematode management and characterization studies	Agricultural and Biological Sciences	Life Sciences
T14242	Nutrition, Health, and Society Studies	Agricultural and Biological Sciences	Life Sciences
T11066	Organic Food and Agriculture	Agricultural and Biological Sciences	Life Sciences
T13269	Orthoptera Research and Taxonomy	Agricultural and Biological Sciences	Life Sciences
T13591	Pasture and Agricultural Systems	Agricultural and Biological Sciences	Life Sciences
T12855	Peanut Plant Research Studies	Agricultural and Biological Sciences	Life Sciences
T10875	Pesticide Exposure and Toxicity	Agricultural and Biological Sciences	Life Sciences
T11423	Pesticide Residue Analysis and Safety	Agricultural and Biological Sciences	Life Sciences
T13338	Pharmacological Effects and Assays	Agricultural and Biological Sciences	Life Sciences
T12991	Phytase and its Applications	Agricultural and Biological Sciences	Life Sciences
T12657	Phytochemistry Medicinal Plant Applications	Agricultural and Biological Sciences	Life Sciences
T11613	Phytochemistry and Biological Activities	Agricultural and Biological Sciences	Life Sciences
T13422	Phytochemistry and biological activities of Ficus species	Agricultural and Biological Sciences	Life Sciences
T12346	Phytochemistry and biological activity of medicinal plants	Agricultural and Biological Sciences	Life Sciences
T11750	Phytoplasmas and Hemiptera pathogens	Agricultural and Biological Sciences	Life Sciences
T12660	Plant Disease Management Techniques	Agricultural and Biological Sciences	Life Sciences
T12858	Plant Disease Resistance and Genetics	Agricultural and Biological Sciences	Life Sciences
T10385	Plant Diversity and Evolution	Agricultural and Biological Sciences	Life Sciences
T13168	Plant Ecology and Taxonomy Studies	Agricultural and Biological Sciences	Life Sciences
T12828	Plant Genetic and Mutation Studies	Agricultural and Biological Sciences	Life Sciences
T12407	Plant Growth Enhancement Techniques	Agricultural and Biological Sciences	Life Sciences
T12754	Plant Growth and Agriculture Techniques	Agricultural and Biological Sciences	Life Sciences
T11418	Plant Micronutrient Interactions and Effects	Agricultural and Biological Sciences	Life Sciences
T10184	Plant Molecular Biology Research	Agricultural and Biological Sciences	Life Sciences
T12475	Plant Parasitism and Resistance	Agricultural and Biological Sciences	Life Sciences
T11578	Plant Pathogenic Bacteria Studies	Agricultural and Biological Sciences	Life Sciences
T11771	Plant Pathogens and Resistance	Agricultural and Biological Sciences	Life Sciences
T11546	Plant Physiology and Cultivation Studies	Agricultural and Biological Sciences	Life Sciences
T10014	Plant Stress Responses and Tolerance	Agricultural and Biological Sciences	Life Sciences
T12161	Plant Surface Properties and Treatments	Agricultural and Biological Sciences	Life Sciences
T12568	Plant Taxonomy and Phylogenetics	Agricultural and Biological Sciences	Life Sciences
T10494	Plant Virus Research Studies	Agricultural and Biological Sciences	Life Sciences
T12813	Plant and Biological Electrophysiology Studies	Agricultural and Biological Sciences	Life Sciences
T10487	Plant and animal studies	Agricultural and Biological Sciences	Life Sciences
T12934	Plant and fungal interactions	Agricultural and Biological Sciences	Life Sciences
T13838	Plant and soil sciences	Agricultural and Biological Sciences	Life Sciences
T11973	Plant chemical constituents analysis	Agricultural and Biological Sciences	Life Sciences
T11247	Plant nutrient uptake and metabolism	Agricultural and Biological Sciences	Life Sciences
T12771	Plant pathogens and resistance mechanisms	Agricultural and Biological Sciences	Life Sciences
T11760	Plant responses to elevated CO2	Agricultural and Biological Sciences	Life Sciences
T12472	Plant responses to water stress	Agricultural and Biological Sciences	Life Sciences
T10076	Plant-Microbe Interactions and Immunity	Agricultural and Biological Sciences	Life Sciences
T12192	Polysaccharides Composition and Applications	Agricultural and Biological Sciences	Life Sciences
T10869	Polysaccharides and Plant Cell Walls	Agricultural and Biological Sciences	Life Sciences
T10473	Postharvest Quality and Shelf Life Management	Agricultural and Biological Sciences	Life Sciences
T11745	Potato Plant Research	Agricultural and Biological Sciences	Life Sciences
T13214	Powdery Mildew Fungal Diseases	Agricultural and Biological Sciences	Life Sciences
T10141	Probiotics and Fermented Foods	Agricultural and Biological Sciences	Life Sciences
T10411	Proteins in Food Systems	Agricultural and Biological Sciences	Life Sciences
T12674	Rabbits: Nutrition, Reproduction, Health	Agricultural and Biological Sciences	Life Sciences
T12468	Radiation Effects and Dosimetry	Agricultural and Biological Sciences	Life Sciences
T10584	Reproductive Physiology in Livestock	Agricultural and Biological Sciences	Life Sciences
T12243	Research in Cotton Cultivation	Agricultural and Biological Sciences	Life Sciences
T12968	Research on scale insects	Agricultural and Biological Sciences	Life Sciences
T12045	Rice Cultivation and Yield Improvement	Agricultural and Biological Sciences	Life Sciences
T10098	Ruminant Nutrition and Digestive Physiology	Agricultural and Biological Sciences	Life Sciences
T12098	Rural development and sustainability	Agricultural and Biological Sciences	Life Sciences
T10486	Salmonella and Campylobacter epidemiology	Agricultural and Biological Sciences	Life Sciences
T11390	Seaweed-derived Bioactive Compounds	Agricultural and Biological Sciences	Life Sciences
T11098	Seed Germination and Physiology	Agricultural and Biological Sciences	Life Sciences
T12403	Seed and Plant Biochemistry	Agricultural and Biological Sciences	Life Sciences
T12114	Sensory Analysis and Statistical Methods	Agricultural and Biological Sciences	Life Sciences
T13218	Sesame and Sesamin Research	Agricultural and Biological Sciences	Life Sciences
T13688	Shallot Cultivation and Analysis	Agricultural and Biological Sciences	Life Sciences
T12344	Silicon Effects in Agriculture	Agricultural and Biological Sciences	Life Sciences
T14048	Silkworms and Sericulture Research	Agricultural and Biological Sciences	Life Sciences
T10616	Smart Agriculture and AI	Agricultural and Biological Sciences	Life Sciences
T10004	Soil Carbon and Nitrogen Dynamics	Agricultural and Biological Sciences	Life Sciences
T12792	Soil Management and Crop Yield	Agricultural and Biological Sciences	Life Sciences
T13740	Soil Science and Environmental Management	Agricultural and Biological Sciences	Life Sciences
T13102	Soil and Environmental Studies	Agricultural and Biological Sciences	Life Sciences
T10889	Soil erosion and sediment transport	Agricultural and Biological Sciences	Life Sciences
T12571	Soybean genetics and cultivation	Agricultural and Biological Sciences	Life Sciences
T12361	Study of Mite Species	Agricultural and Biological Sciences	Life Sciences
T12431	Sugarcane Cultivation and Processing	Agricultural and Biological Sciences	Life Sciences
T12742	Sunflower and Safflower Cultivation	Agricultural and Biological Sciences	Life Sciences
T13679	Tardigrade Biology and Ecology	Agricultural and Biological Sciences	Life Sciences
T12253	Urban Agriculture and Sustainability	Agricultural and Biological Sciences	Life Sciences
T12733	Vector-Borne Animal Diseases	Agricultural and Biological Sciences	Life Sciences
T14160	Water management and technologies	Agricultural and Biological Sciences	Life Sciences
T10774	Weed Control and Herbicide Applications	Agricultural and Biological Sciences	Life Sciences
T10733	Wheat and Barley Genetics and Pathology	Agricultural and Biological Sciences	Life Sciences
T13670	Ziziphus Jujuba Studies and Applications	Agricultural and Biological Sciences	Life Sciences
T13526	14-3-3 protein interactions	Biochemistry, Genetics and Molecular Biology	Life Sciences
T12763	ATP Synthase and ATPases Research	Biochemistry, Genetics and Molecular Biology	Life Sciences
T11193	Adenosine and Purinergic Signaling	Biochemistry, Genetics and Molecular Biology	Life Sciences
T12867	Advanced Biosensing Techniques and Applications	Biochemistry, Genetics and Molecular Biology	Life Sciences
T10857	Advanced Electron Microscopy Techniques and Applications	Biochemistry, Genetics and Molecular Biology	Life Sciences
T10540	Advanced Fluorescence Microscopy Techniques	Biochemistry, Genetics and Molecular Biology	Life Sciences
T11142	Advanced Glycation End Products research	Biochemistry, Genetics and Molecular Biology	Life Sciences
T10207	Advanced biosensing and bioanalysis techniques	Biochemistry, Genetics and Molecular Biology	Life Sciences
T12370	Advances in Cucurbitaceae Research	Biochemistry, Genetics and Molecular Biology	Life Sciences
T12533	Aldose Reductase and Taurine	Biochemistry, Genetics and Molecular Biology	Life Sciences
T12770	Amino Acid Enzymes and Metabolism	Biochemistry, Genetics and Molecular Biology	Life Sciences
T11305	Amyloidosis: Diagnosis, Treatment, Outcomes	Biochemistry, Genetics and Molecular Biology	Life Sciences
T10422	Angiogenesis and VEGF in Cancer	Biochemistry, Genetics and Molecular Biology	Life Sciences
T12929	Animal Genetics and Reproduction	Biochemistry, Genetics and Molecular Biology	Life Sciences
T11665	Animal Vocal Communication and Behavior	Biochemistry, Genetics and Molecular Biology	Life Sciences
T10147	Antibiotic Resistance in Bacteria	Biochemistry, Genetics and Molecular Biology	Life Sciences
T10769	BRCA gene mutations in cancer	Biochemistry, Genetics and Molecular Biology	Life Sciences
T11515	Bacillus and Francisella bacterial research	Biochemistry, Genetics and Molecular Biology	Life Sciences
T10120	Bacterial Genetics and Biotechnology	Biochemistry, Genetics and Molecular Biology	Life Sciences
T12167	Bacterial Identification and Susceptibility Testing	Biochemistry, Genetics and Molecular Biology	Life Sciences
T10593	Bacterial biofilms and quorum sensing	Biochemistry, Genetics and Molecular Biology	Life Sciences
T13943	Beetle Biology and Toxicology Studies	Biochemistry, Genetics and Molecular Biology	Life Sciences
T12530	Bioactive Natural Diterpenoids Research	Biochemistry, Genetics and Molecular Biology	Life Sciences
T12257	Bioactive natural compounds	Biochemistry, Genetics and Molecular Biology	Life Sciences
T12915	Biochemical Acid Research Studies	Biochemistry, Genetics and Molecular Biology	Life Sciences
T12827	Biochemical and Molecular Research	Biochemistry, Genetics and Molecular Biology	Life Sciences
T13326	Biochemical and Structural Characterization	Biochemistry, Genetics and Molecular Biology	Life Sciences
T14150	Biochemical and biochemical processes	Biochemistry, Genetics and Molecular Biology	Life Sciences
T10887	Bioinformatics and Genomic Networks	Biochemistry, Genetics and Molecular Biology	Life Sciences
T13221	Biological Activity of Diterpenoids and Biflavonoids	Biochemistry, Genetics and Molecular Biology	Life Sciences
T14065	Biological Research and Disease Studies	Biochemistry, Genetics and Molecular Biology	Life Sciences
T11710	Biomedical Text Mining and Ontologies	Biochemistry, Genetics and Molecular Biology	Life Sciences
T14285	Biopolymer Synthesis and Applications	Biochemistry, Genetics and Molecular Biology	Life Sciences
T13127	Biotin and Related Studies	Biochemistry, Genetics and Molecular Biology	Life Sciences
T12919	Blood disorders and treatments	Biochemistry, Genetics and Molecular Biology	Life Sciences
T11219	Bone Metabolism and Diseases	Biochemistry, Genetics and Molecular Biology	Life Sciences
T10183	Breast Cancer Treatment Studies	Biochemistry, Genetics and Molecular Biology	Life Sciences
T10878	CRISPR and Genetic Engineering	Biochemistry, Genetics and Molecular Biology	Life Sciences
T13415	Calcium signaling and nucleotide metabolism	Biochemistry, Genetics and Molecular Biology	Life Sciences
T13637	Calpain Protease Function and Regulation	Biochemistry, Genetics and Molecular Biology	Life Sciences
T11287	Cancer Genomics and Diagnostics	Biochemistry, Genetics and Molecular Biology	Life Sciences
T12996	Cancer Research and Treatments	Biochemistry, Genetics and Molecular Biology	Life Sciences
T14135	Cancer and biochemical research	Biochemistry, Genetics and Molecular Biology	Life Sciences
T11845	Cancer therapeutics and mechanisms	Biochemistry, Genetics and Molecular Biology	Life Sciences
T10631	Cancer, Hypoxia, and Metabolism	Biochemistry, Genetics and Molecular Biology	Life Sciences
T12465	Cancer, Lipids, and Metabolism	Biochemistry, Genetics and Molecular Biology	Life Sciences
T13157	Cancer-related gene regulation	Biochemistry, Genetics and Molecular Biology	Life Sciences
T10515	Cancer-related molecular mechanisms research	Biochemistry, Genetics and Molecular Biology	Life Sciences
T10433	Carcinogens and Genotoxicity Assessment	Biochemistry, Genetics and Molecular Biology	Life Sciences
T12793	Caveolin-1 and cellular processes	Biochemistry, Genetics and Molecular Biology	Life Sciences
T12859	Cell Image Analysis Techniques	Biochemistry, Genetics and Molecular Biology	Life Sciences
T10294	Cell death mechanisms and regulation	Biochemistry, Genetics and Molecular Biology	Life Sciences
T10379	Cellular Mechanics and Interactions	Biochemistry, Genetics and Molecular Biology	Life Sciences
T10617	Cellular transport and secretion	Biochemistry, Genetics and Molecular Biology	Life Sciences
T10911	Chemical Synthesis and Analysis	Biochemistry, Genetics and Molecular Biology	Life Sciences
T14488	Chemical and Physical Studies	Biochemistry, Genetics and Molecular Biology	Life Sciences
T12820	Chromatin Remodeling and Cancer	Biochemistry, Genetics and Molecular Biology	Life Sciences
T11765	Circular RNAs in diseases	Biochemistry, Genetics and Molecular Biology	Life Sciences
T11374	Cleft Lip and Palate Research	Biochemistry, Genetics and Molecular Biology	Life Sciences
T13012	Coenzyme Q10 studies and effects	Biochemistry, Genetics and Molecular Biology	Life Sciences
T11677	Congenital heart defects research	Biochemistry, Genetics and Molecular Biology	Life Sciences
T13107	Congenital limb and hand anomalies	Biochemistry, Genetics and Molecular Biology	Life Sciences
T13223	Connective Tissue Growth Factor Research	Biochemistry, Genetics and Molecular Biology	Life Sciences
T11310	Connective tissue disorders research	Biochemistry, Genetics and Molecular Biology	Life Sciences
T11480	Connexins and lens biology	Biochemistry, Genetics and Molecular Biology	Life Sciences
T11679	Craniofacial Disorders and Treatments	Biochemistry, Genetics and Molecular Biology	Life Sciences
T11319	Curcumin's Biomedical Applications	Biochemistry, Genetics and Molecular Biology	Life Sciences
T10123	DNA Repair Mechanisms	Biochemistry, Genetics and Molecular Biology	Life Sciences
T12029	DNA and Biological Computing	Biochemistry, Genetics and Molecular Biology	Life Sciences
T10432	DNA and Nucleic Acid Chemistry	Biochemistry, Genetics and Molecular Biology	Life Sciences
T14333	Dermatoglyphics and Human Traits	Biochemistry, Genetics and Molecular Biology	Life Sciences
T12924	Dermatological and Skeletal Disorders	Biochemistry, Genetics and Molecular Biology	Life Sciences
T10268	Developmental Biology and Gene Regulation	Biochemistry, Genetics and Molecular Biology	Life Sciences
T11171	Diabetes and associated disorders	Biochemistry, Genetics and Molecular Biology	Life Sciences
T13187	Diffusion and Search Dynamics	Biochemistry, Genetics and Molecular Biology	Life Sciences
T13199	Digestive system and related health	Biochemistry, Genetics and Molecular Biology	Life Sciences
T12499	Diphtheria, Corynebacterium, and Tetanus	Biochemistry, Genetics and Molecular Biology	Life Sciences
T12910	Eicosanoids and Hypertension Pharmacology	Biochemistry, Genetics and Molecular Biology	Life Sciences
T10874	Electromagnetic Fields and Biological Effects	Biochemistry, Genetics and Molecular Biology	Life Sciences
T12381	Electron Spin Resonance Studies	Biochemistry, Genetics and Molecular Biology	Life Sciences
T11150	Endoplasmic Reticulum Stress and Disease	Biochemistry, Genetics and Molecular Biology	Life Sciences
T13849	Enterobacteriaceae and Cronobacter Research	Biochemistry, Genetics and Molecular Biology	Life Sciences
T13711	Environmental Science and Technology	Biochemistry, Genetics and Molecular Biology	Life Sciences
T10404	Enzyme Catalysis and Immobilization	Biochemistry, Genetics and Molecular Biology	Life Sciences
T11617	Enzyme Production and Characterization	Biochemistry, Genetics and Molecular Biology	Life Sciences
T12412	Enzyme function and inhibition	Biochemistry, Genetics and Molecular Biology	Life Sciences
T10269	Epigenetics and DNA Methylation	Biochemistry, Genetics and Molecular Biology	Life Sciences
T10943	Escherichia coli research studies	Biochemistry, Genetics and Molecular Biology	Life Sciences
T10756	Estrogen and related hormone effects	Biochemistry, Genetics and Molecular Biology	Life Sciences
T11764	Evolution and Genetic Dynamics	Biochemistry, Genetics and Molecular Biology	Life Sciences
T10773	Extracellular vesicles in disease	Biochemistry, Genetics and Molecular Biology	Life Sciences
T12835	FOXO transcription factor regulation	Biochemistry, Genetics and Molecular Biology	Life Sciences
T12287	Fibroblast Growth Factor Research	Biochemistry, Genetics and Molecular Biology	Life Sciences
T10751	Forensic and Genetic Research	Biochemistry, Genetics and Molecular Biology	Life Sciences
T12946	Fractal and DNA sequence analysis	Biochemistry, Genetics and Molecular Biology	Life Sciences
T10497	Fungal and yeast genetics research	Biochemistry, Genetics and Molecular Biology	Life Sciences
T10621	Gene Regulatory Network Analysis	Biochemistry, Genetics and Molecular Biology	Life Sciences
T10885	Gene expression and cancer classification	Biochemistry, Genetics and Molecular Biology	Life Sciences
T10261	Genetic Associations and Epidemiology	Biochemistry, Genetics and Molecular Biology	Life Sciences
T11468	Genetic Mapping and Diversity in Plants and Animals	Biochemistry, Genetics and Molecular Biology	Life Sciences
T11928	Genetic Syndromes and Imprinting	Biochemistry, Genetics and Molecular Biology	Life Sciences
T11077	Genetic and Clinical Aspects of Sex Determination and Chromosomal Abnormalities	Biochemistry, Genetics and Molecular Biology	Life Sciences
T11412	Genetic and Kidney Cyst Diseases	Biochemistry, Genetics and Molecular Biology	Life Sciences
T10594	Genetic and phenotypic traits in livestock	Biochemistry, Genetics and Molecular Biology	Life Sciences
T12355	Genetic and rare skin diseases.	Biochemistry, Genetics and Molecular Biology	Life Sciences
T10012	Genetic diversity and population structure	Biochemistry, Genetics and Molecular Biology	Life Sciences
T11772	Genetics and Neurodevelopmental Disorders	Biochemistry, Genetics and Molecular Biology	Life Sciences
T13354	Genetics and Physical Performance	Biochemistry, Genetics and Molecular Biology	Life Sciences
T10676	Genetics, Aging, and Longevity in Model Organisms	Biochemistry, Genetics and Molecular Biology	Life Sciences
T13937	Genetics, Bioinformatics, and Biomedical Research	Biochemistry, Genetics and Molecular Biology	Life Sciences
T13664	Genome Rearrangement Algorithms	Biochemistry, Genetics and Molecular Biology	Life Sciences
T11213	Genomic variations and chromosomal abnormalities	Biochemistry, Genetics and Molecular Biology	Life Sciences
T10222	Genomics and Chromatin Dynamics	Biochemistry, Genetics and Molecular Biology	Life Sciences
T10015	Genomics and Phylogenetic Studies	Biochemistry, Genetics and Molecular Biology	Life Sciences
T11642	Genomics and Rare Diseases	Biochemistry, Genetics and Molecular Biology	Life Sciences
T11332	Genomics, phytochemicals, and oxidative stress	Biochemistry, Genetics and Molecular Biology	Life Sciences
T11786	Geomagnetism and Paleomagnetism Studies	Biochemistry, Genetics and Molecular Biology	Life Sciences
T11889	Ginseng Biological Effects and Applications	Biochemistry, Genetics and Molecular Biology	Life Sciences
T12187	Glutathione Transferases and Polymorphisms	Biochemistry, Genetics and Molecular Biology	Life Sciences
T10602	Glycosylation and Glycoproteins Research	Biochemistry, Genetics and Molecular Biology	Life Sciences
T10066	Gut microbiota and health	Biochemistry, Genetics and Molecular Biology	Life Sciences
T10934	Heat shock proteins research	Biochemistry, Genetics and Molecular Biology	Life Sciences
T12009	Hedgehog Signaling Pathway Studies	Biochemistry, Genetics and Molecular Biology	Life Sciences
T11848	Heme Oxygenase-1 and Carbon Monoxide	Biochemistry, Genetics and Molecular Biology	Life Sciences
T12094	Hemoglobin structure and function	Biochemistry, Genetics and Molecular Biology	Life Sciences
T11968	High Altitude and Hypoxia	Biochemistry, Genetics and Molecular Biology	Life Sciences
T12065	Hippo pathway signaling and YAP/TAZ	Biochemistry, Genetics and Molecular Biology	Life Sciences
T11736	Histone Deacetylase Inhibitors Research	Biochemistry, Genetics and Molecular Biology	Life Sciences
T11214	Human-Animal Interaction Studies	Biochemistry, Genetics and Molecular Biology	Life Sciences
T10343	Hydrogels: synthesis, properties, applications	Biochemistry, Genetics and Molecular Biology	Life Sciences
T12388	Identification and Quantification in Food	Biochemistry, Genetics and Molecular Biology	Life Sciences
T12824	Infections and bacterial resistance	Biochemistry, Genetics and Molecular Biology	Life Sciences
T11078	Inflammasome and immune disorders	Biochemistry, Genetics and Molecular Biology	Life Sciences
T10134	Inflammatory Bowel Disease	Biochemistry, Genetics and Molecular Biology	Life Sciences
T11075	Insect Resistance and Genetics	Biochemistry, Genetics and Molecular Biology	Life Sciences
T10702	Insect and Arachnid Ecology and Behavior	Biochemistry, Genetics and Molecular Biology	Life Sciences
T10724	Ion Transport and Channel Regulation	Biochemistry, Genetics and Molecular Biology	Life Sciences
T10493	Ion channel regulation and function	Biochemistry, Genetics and Molecular Biology	Life Sciences
T13426	Kruppel-like factors research	Biochemistry, Genetics and Molecular Biology	Life Sciences
T11916	Legionella and Acanthamoeba research	Biochemistry, Genetics and Molecular Biology	Life Sciences
T11974	Lepidoptera: Biology and Taxonomy	Biochemistry, Genetics and Molecular Biology	Life Sciences
T10407	Lipid Membrane Structure and Behavior	Biochemistry, Genetics and Molecular Biology	Life Sciences
T11844	Lipid metabolism and biosynthesis	Biochemistry, Genetics and Molecular Biology	Life Sciences
T10900	Listeria monocytogenes in Food Safety	Biochemistry, Genetics and Molecular Biology	Life Sciences
T12254	Machine Learning in Bioinformatics	Biochemistry, Genetics and Molecular Biology	Life Sciences
T12976	Magnetic and Electromagnetic Effects	Biochemistry, Genetics and Molecular Biology	Life Sciences
T11340	Marine Sponges and Natural Products	Biochemistry, Genetics and Molecular Biology	Life Sciences
T13437	Mechanisms of cancer metastasis	Biochemistry, Genetics and Molecular Biology	Life Sciences
T13651	Medicinal Plants and Bioactive Compounds	Biochemistry, Genetics and Molecular Biology	Life Sciences
T11533	Melanoma and MAPK Pathways	Biochemistry, Genetics and Molecular Biology	Life Sciences
T11027	Metabolism and Genetic Disorders	Biochemistry, Genetics and Molecular Biology	Life Sciences
T11339	Metabolism, Diabetes, and Cancer	Biochemistry, Genetics and Molecular Biology	Life Sciences
T10836	Metabolomics and Mass Spectrometry Studies	Biochemistry, Genetics and Molecular Biology	Life Sciences
T10062	MicroRNA in disease regulation	Biochemistry, Genetics and Molecular Biology	Life Sciences
T11455	Microbial Inactivation Methods	Biochemistry, Genetics and Molecular Biology	Life Sciences
T10932	Microbial Metabolic Engineering and Bioproduction	Biochemistry, Genetics and Molecular Biology	Life Sciences
T12673	Microbial Metabolism and Applications	Biochemistry, Genetics and Molecular Biology	Life Sciences
T12688	Microbial metabolism and enzyme function	Biochemistry, Genetics and Molecular Biology	Life Sciences
T10492	Microtubule and mitosis dynamics	Biochemistry, Genetics and Molecular Biology	Life Sciences
T10301	Mitochondrial Function and Pathology	Biochemistry, Genetics and Molecular Biology	Life Sciences
T11970	Molecular Biology Techniques and Applications	Biochemistry, Genetics and Molecular Biology	Life Sciences
T10441	Muscle Physiology and Disorders	Biochemistry, Genetics and Molecular Biology	Life Sciences
T11399	Muscle metabolism and nutrition	Biochemistry, Genetics and Molecular Biology	Life Sciences
T12712	Myofascial pain diagnosis and treatment	Biochemistry, Genetics and Molecular Biology	Life Sciences
T13350	Myxozoan Parasites in Aquatic Species	Biochemistry, Genetics and Molecular Biology	Life Sciences
T11591	NF-κB Signaling Pathways	Biochemistry, Genetics and Molecular Biology	Life Sciences
T11385	Natural product bioactivities and synthesis	Biochemistry, Genetics and Molecular Biology	Life Sciences
T11818	Nicotinic Acetylcholine Receptors Study	Biochemistry, Genetics and Molecular Biology	Life Sciences
T12566	Nitrogen and Sulfur Effects on Brassica	Biochemistry, Genetics and Molecular Biology	Life Sciences
T11841	Nuclear Structure and Function	Biochemistry, Genetics and Molecular Biology	Life Sciences
T13984	Nutrition, Genetics, and Disease	Biochemistry, Genetics and Molecular Biology	Life Sciences
T12989	Ocular Disorders and Treatments	Biochemistry, Genetics and Molecular Biology	Life Sciences
T10952	PI3K/AKT/mTOR signaling in cancer	Biochemistry, Genetics and Molecular Biology	Life Sciences
T12975	Paraoxonase enzyme and polymorphisms	Biochemistry, Genetics and Molecular Biology	Life Sciences
T11072	Peroxisome Proliferator-Activated Receptors	Biochemistry, Genetics and Molecular Biology	Life Sciences
T13047	Pharmacological Receptor Mechanisms and Effects	Biochemistry, Genetics and Molecular Biology	Life Sciences
T13454	Phenothiazines and Benzothiazines Synthesis and Activities	Biochemistry, Genetics and Molecular Biology	Life Sciences
T12434	Phosphodiesterase function and regulation	Biochemistry, Genetics and Molecular Biology	Life Sciences
T10303	Photosynthetic Processes and Mechanisms	Biochemistry, Genetics and Molecular Biology	Life Sciences
T12215	Phytochemical Studies and Bioactivities	Biochemistry, Genetics and Molecular Biology	Life Sciences
T12685	Phytochemical compounds biological activities	Biochemistry, Genetics and Molecular Biology	Life Sciences
T13725	Pineapple and bromelain studies	Biochemistry, Genetics and Molecular Biology	Life Sciences
T12789	Planarian Biology and Electrostimulation	Biochemistry, Genetics and Molecular Biology	Life Sciences
T11237	Plant Gene Expression Analysis	Biochemistry, Genetics and Molecular Biology	Life Sciences
T10825	Plant Pathogens and Fungal Diseases	Biochemistry, Genetics and Molecular Biology	Life Sciences
T11927	Plant Reproductive Biology	Biochemistry, Genetics and Molecular Biology	Life Sciences
T12756	Plant Toxicity and Pharmacological Properties	Biochemistry, Genetics and Molecular Biology	Life Sciences
T13220	Plant and Fungal Interactions Research	Biochemistry, Genetics and Molecular Biology	Life Sciences
T14049	Plant and Fungal Species Descriptions	Biochemistry, Genetics and Molecular Biology	Life Sciences
T11882	Plant biochemistry and biosynthesis	Biochemistry, Genetics and Molecular Biology	Life Sciences
T10240	Plant tissue culture and regeneration	Biochemistry, Genetics and Molecular Biology	Life Sciences
T12360	Plant-derived Lignans Synthesis and Bioactivity	Biochemistry, Genetics and Molecular Biology	Life Sciences
T10505	Pluripotent Stem Cells Research	Biochemistry, Genetics and Molecular Biology	Life Sciences
T11924	Polyamine Metabolism and Applications	Biochemistry, Genetics and Molecular Biology	Life Sciences
T12441	Porphyrin Metabolism and Disorders	Biochemistry, Genetics and Molecular Biology	Life Sciences
T11335	Prion Diseases and Protein Misfolding	Biochemistry, Genetics and Molecular Biology	Life Sciences
T10620	Protease and Inhibitor Mechanisms	Biochemistry, Genetics and Molecular Biology	Life Sciences
T12534	Protein Degradation and Inhibitors	Biochemistry, Genetics and Molecular Biology	Life Sciences
T11561	Protein Hydrolysis and Bioactive Peptides	Biochemistry, Genetics and Molecular Biology	Life Sciences
T11908	Protein Interaction Studies and Fluorescence Analysis	Biochemistry, Genetics and Molecular Biology	Life Sciences
T10169	Protein Kinase Regulation and GTPase Signaling	Biochemistry, Genetics and Molecular Biology	Life Sciences
T10044	Protein Structure and Dynamics	Biochemistry, Genetics and Molecular Biology	Life Sciences
T12104	Protein Tyrosine Phosphatases	Biochemistry, Genetics and Molecular Biology	Life Sciences
T11124	Protein purification and stability	Biochemistry, Genetics and Molecular Biology	Life Sciences
T11131	Proteoglycans and glycosaminoglycans research	Biochemistry, Genetics and Molecular Biology	Life Sciences
T11879	Protist diversity and phylogeny	Biochemistry, Genetics and Molecular Biology	Life Sciences
T10725	RNA Interference and Gene Delivery	Biochemistry, Genetics and Molecular Biology	Life Sciences
T10604	RNA Research and Splicing	Biochemistry, Genetics and Molecular Biology	Life Sciences
T10521	RNA and protein synthesis mechanisms	Biochemistry, Genetics and Molecular Biology	Life Sciences
T11482	RNA modifications and cancer	Biochemistry, Genetics and Molecular Biology	Life Sciences
T12610	RNA regulation and disease	Biochemistry, Genetics and Molecular Biology	Life Sciences
T12749	Race, Genetics, and Society	Biochemistry, Genetics and Molecular Biology	Life Sciences
T11178	Receptor Mechanisms and Signaling	Biochemistry, Genetics and Molecular Biology	Life Sciences
T11884	Redox biology and oxidative stress	Biochemistry, Genetics and Molecular Biology	Life Sciences
T12140	Renal and related cancers	Biochemistry, Genetics and Molecular Biology	Life Sciences
T11505	Reproductive biology and impacts on aquatic species	Biochemistry, Genetics and Molecular Biology	Life Sciences
T10691	Retinal Development and Disorders	Biochemistry, Genetics and Molecular Biology	Life Sciences
T11559	Retinoids in leukemia and cellular processes	Biochemistry, Genetics and Molecular Biology	Life Sciences
T12030	S100 Proteins and Annexins	Biochemistry, Genetics and Molecular Biology	Life Sciences
T11547	Sesquiterpenes and Asteraceae Studies	Biochemistry, Genetics and Molecular Biology	Life Sciences
T11956	Sexual Differentiation and Disorders	Biochemistry, Genetics and Molecular Biology	Life Sciences
T12620	Signaling Pathways in Disease	Biochemistry, Genetics and Molecular Biology	Life Sciences
T11289	Single-cell and spatial transcriptomics	Biochemistry, Genetics and Molecular Biology	Life Sciences
T11650	Skin and Cellular Biology Research	Biochemistry, Genetics and Molecular Biology	Life Sciences
T11324	Spectroscopy Techniques in Biomedical and Chemical Research	Biochemistry, Genetics and Molecular Biology	Life Sciences
T11308	Sphingolipid Metabolism and Signaling	Biochemistry, Genetics and Molecular Biology	Life Sciences
T12447	Spider Taxonomy and Behavior Studies	Biochemistry, Genetics and Molecular Biology	Life Sciences
T13736	Steroid Chemistry and Biochemistry	Biochemistry, Genetics and Molecular Biology	Life Sciences
T12683	Studies on Chitinases and Chitosanases	Biochemistry, Genetics and Molecular Biology	Life Sciences
T11481	Sulfur Compounds in Biology	Biochemistry, Genetics and Molecular Biology	Life Sciences
T13971	Synthesis and Biological Activity	Biochemistry, Genetics and Molecular Biology	Life Sciences
T13188	Synthesis and bioactivity of alkaloids	Biochemistry, Genetics and Molecular Biology	Life Sciences
T11501	TGF-β signaling in diseases	Biochemistry, Genetics and Molecular Biology	Life Sciences
T12497	Traditional and Medicinal Uses of Annonaceae	Biochemistry, Genetics and Molecular Biology	Life Sciences
T12856	Transgenic Plants and Applications	Biochemistry, Genetics and Molecular Biology	Life Sciences
T11041	Ubiquitin and proteasome pathways	Biochemistry, Genetics and Molecular Biology	Life Sciences
T11353	Venomous Animal Envenomation and Studies	Biochemistry, Genetics and Molecular Biology	Life Sciences
T11684	Vibrio bacteria research studies	Biochemistry, Genetics and Molecular Biology	Life Sciences
T11663	Viral Infectious Diseases and Gene Expression in Insects	Biochemistry, Genetics and Molecular Biology	Life Sciences
T10613	Virus-based gene therapy research	Biochemistry, Genetics and Molecular Biology	Life Sciences
T10929	Wnt/β-catenin signaling in development and cancer	Biochemistry, Genetics and Molecular Biology	Life Sciences
T12668	Yeasts and Rust Fungi Studies	Biochemistry, Genetics and Molecular Biology	Life Sciences
T12232	Yersinia bacterium, plague, ectoparasites research	Biochemistry, Genetics and Molecular Biology	Life Sciences
T11685	Zebrafish Biomedical Research Applications	Biochemistry, Genetics and Molecular Biology	Life Sciences
T12561	bioluminescence and chemiluminescence research	Biochemistry, Genetics and Molecular Biology	Life Sciences
T11919	dental development and anomalies	Biochemistry, Genetics and Molecular Biology	Life Sciences
T11144	melanin and skin pigmentation	Biochemistry, Genetics and Molecular Biology	Life Sciences
T12576	vaccines and immunoinformatics approaches	Biochemistry, Genetics and Molecular Biology	Life Sciences
T13980	Alexander von Humboldt Studies	Immunology and Microbiology	Life Sciences
T10897	Antibiotic Use and Resistance	Immunology and Microbiology	Life Sciences
T11103	Antimicrobial Peptides and Activities	Immunology and Microbiology	Life Sciences
T10506	Aquaculture disease management and microbiota	Immunology and Microbiology	Life Sciences
T12955	Atherosclerosis and Cardiovascular Diseases	Immunology and Microbiology	Life Sciences
T10873	Bacterial Infections and Vaccines	Immunology and Microbiology	Life Sciences
T12833	Bartonella species infections research	Immunology and Microbiology	Life Sciences
T14245	Biomarkers in Disease Mechanisms	Immunology and Microbiology	Life Sciences
T12255	Biosimilars and Bioanalytical Methods	Immunology and Microbiology	Life Sciences
T12178	Bird parasitology and diseases	Immunology and Microbiology	Life Sciences
T10993	Complement system in diseases	Immunology and Microbiology	Life Sciences
T12387	Galectins and Cancer Biology	Immunology and Microbiology	Life Sciences
T10112	HIV Research and Treatment	Immunology and Microbiology	Life Sciences
T12528	IL-33, ST2, and ILC Pathways	Immunology and Microbiology	Life Sciences
T11020	Immune Cell Function and Interaction	Immunology and Microbiology	Life Sciences
T10371	Immune Response and Inflammation	Immunology and Microbiology	Life Sciences
T11313	Immune cells in cancer	Immunology and Microbiology	Life Sciences
T13410	Immune responses and vaccinations	Immunology and Microbiology	Life Sciences
T11725	Immunodeficiency and Autoimmune Disorders	Immunology and Microbiology	Life Sciences
T10580	Immunotherapy and Immune Responses	Immunology and Microbiology	Life Sciences
T14072	Immunotoxicology and immune responses	Immunology and Microbiology	Life Sciences
T14165	Inflammation biomarkers and pathways	Immunology and Microbiology	Life Sciences
T11403	Invertebrate Immune Response Mechanisms	Immunology and Microbiology	Life Sciences
T12223	Leptospirosis research and findings	Immunology and Microbiology	Life Sciences
T13254	Macrophage Migration Inhibitory Factor	Immunology and Microbiology	Life Sciences
T11346	Mast cells and histamine	Immunology and Microbiology	Life Sciences
T12744	Medical Device Sterilization and Disinfection	Immunology and Microbiology	Life Sciences
T11688	Microbial infections and disease research	Immunology and Microbiology	Life Sciences
T11597	Neutrophil, Myeloperoxidase and Oxidative Mechanisms	Immunology and Microbiology	Life Sciences
T10695	Parasites and Host Interactions	Immunology and Microbiology	Life Sciences
T11086	Parasitic Infections and Diagnostics	Immunology and Microbiology	Life Sciences
T12672	Phagocytosis and Immune Regulation	Immunology and Microbiology	Life Sciences
T11767	Poxvirus research and outbreaks	Immunology and Microbiology	Life Sciences
T10469	Psoriasis: Treatment and Pathogenesis	Immunology and Microbiology	Life Sciences
T11780	Rabies epidemiology and control	Immunology and Microbiology	Life Sciences
T11510	Reproductive System and Pregnancy	Immunology and Microbiology	Life Sciences
T10428	Reproductive tract infections research	Immunology and Microbiology	Life Sciences
T10031	T-cell and B-cell Immunology	Immunology and Microbiology	Life Sciences
T12159	T-cell and Retrovirus Studies	Immunology and Microbiology	Life Sciences
T13817	Tannin, Tannase and Anticancer Activities	Immunology and Microbiology	Life Sciences
T12477	Toxin Mechanisms and Immunotoxins	Immunology and Microbiology	Life Sciences
T11155	Toxoplasma gondii Research Studies	Immunology and Microbiology	Life Sciences
T10296	Vector-borne infectious diseases	Immunology and Microbiology	Life Sciences
T11668	interferon and immune responses	Immunology and Microbiology	Life Sciences
T12650	Aesthetic Perception and Analysis	Neuroscience	Life Sciences
T12963	Anesthesia and Neurotoxicity Research	Neuroscience	Life Sciences
T13446	Antioxidants, Aging, Portulaca oleracea	Neuroscience	Life Sciences
T10106	Autism Spectrum Disorder Research	Neuroscience	Life Sciences
T12061	Axon Guidance and Neuronal Signaling	Neuroscience	Life Sciences
T11872	Barrier Structure and Function Studies	Neuroscience	Life Sciences
T12702	Brain Tumor Detection and Classification	Neuroscience	Life Sciences
T11406	Cerebrospinal fluid and hydrocephalus	Neuroscience	Life Sciences
T10342	Circadian rhythm and melatonin	Neuroscience	Life Sciences
T14394	Cognitive Science and Education Research	Neuroscience	Life Sciences
T10429	EEG and Brain-Computer Interfaces	Neuroscience	Life Sciences
T11883	Embodied and Extended Cognition	Neuroscience	Life Sciences
T11094	Face Recognition and Perception	Neuroscience	Life Sciences
T11997	Free Will and Agency	Neuroscience	Life Sciences
T10241	Functional Brain Connectivity Studies	Neuroscience	Life Sciences
T10949	Genetic Neurodegenerative Diseases	Neuroscience	Life Sciences
T13397	Hallucinations in medical conditions	Neuroscience	Life Sciences
T10283	Hearing Loss and Rehabilitation	Neuroscience	Life Sciences
T10334	Hearing, Cochlea, Tinnitus, Genetics	Neuroscience	Life Sciences
T12621	Hemispheric Asymmetry in Neuroscience	Neuroscience	Life Sciences
T12331	Hereditary Neurological Disorders	Neuroscience	Life Sciences
T11204	Ion Channels and Receptors	Neuroscience	Life Sciences
T10918	Memory Processes and Influences	Neuroscience	Life Sciences
T10448	Memory and Neural Mechanisms	Neuroscience	Life Sciences
T13219	Mind wandering and attention	Neuroscience	Life Sciences
T10982	Motor Control and Adaptation	Neuroscience	Life Sciences
T10483	Nerve injury and regeneration	Neuroscience	Life Sciences
T10042	Neural and Behavioral Psychology Studies	Neuroscience	Life Sciences
T10581	Neural dynamics and brain function	Neuroscience	Life Sciences
T10423	Neurobiology and Insect Physiology Research	Neuroscience	Life Sciences
T10465	Neurobiology of Language and Bilingualism	Neuroscience	Life Sciences
T11953	Neuroethics, Human Enhancement, Biomedical Innovations	Neuroscience	Life Sciences
T10608	Neurogenesis and neuroplasticity mechanisms	Neuroscience	Life Sciences
T11266	Neuroinflammation and Neurodegeneration Mechanisms	Neuroscience	Life Sciences
T14144	Neurological Disease Mechanisms and Treatments	Neuroscience	Life Sciences
T13796	Neurological Disorders and Treatments	Neuroscience	Life Sciences
T13481	Neurological diseases and metabolism	Neuroscience	Life Sciences
T12854	Neurology and Historical Studies	Neuroscience	Life Sciences
T10814	Neuropeptides and Animal Physiology	Neuroscience	Life Sciences
T10788	Neuroscience and Music Perception	Neuroscience	Life Sciences
T11601	Neuroscience and Neural Engineering	Neuroscience	Life Sciences
T10077	Neuroscience and Neuropharmacology Research	Neuroscience	Life Sciences
T11456	Neuroscience of respiration and sleep	Neuroscience	Life Sciences
T13106	Neuroscience, Education and Cognitive Function	Neuroscience	Life Sciences
T10056	Neurotransmitter Receptor Influence on Behavior	Neuroscience	Life Sciences
T13991	Nuclear Receptors and Signaling	Neuroscience	Life Sciences
T10971	Olfactory and Sensory Function Studies	Neuroscience	Life Sciences
T12035	Pain Management and Placebo Effect	Neuroscience	Life Sciences
T12236	Photoreceptor and optogenetics research	Neuroscience	Life Sciences
T12520	Psychology of Moral and Emotional Judgment	Neuroscience	Life Sciences
T10489	Regulation of Appetite and Obesity	Neuroscience	Life Sciences
T10985	Sleep and Wakefulness Research	Neuroscience	Life Sciences
T12608	Spatial Neglect and Hemispheric Dysfunction	Neuroscience	Life Sciences
T10529	Stress Responses and Cortisol	Neuroscience	Life Sciences
T10914	Tactile and Sensory Interactions	Neuroscience	Life Sciences
T10614	Transcranial Magnetic Stimulation Studies	Neuroscience	Life Sciences
T11337	Tryptophan and brain disorders	Neuroscience	Life Sciences
T14411	Undergraduate Neuroscience Education and Research	Neuroscience	Life Sciences
T12580	Vagus Nerve Stimulation Research	Neuroscience	Life Sciences
T10542	Vestibular and auditory disorders	Neuroscience	Life Sciences
T10427	Visual perception and processing mechanisms	Neuroscience	Life Sciences
T13258	Williams Syndrome Research	Neuroscience	Life Sciences
T10920	Advanced Drug Delivery Systems	Pharmacology, Toxicology and Pharmaceutics	Life Sciences
T10704	Advancements in Transdermal Drug Delivery	Pharmacology, Toxicology and Pharmaceutics	Life Sciences
T12649	Alkaloids: synthesis and pharmacology	Pharmacology, Toxicology and Pharmaceutics	Life Sciences
T12356	Bioactive Compounds and Antitumor Agents	Pharmacology, Toxicology and Pharmaceutics	Life Sciences
T13561	Chemical Reactions and Isotopes	Pharmacology, Toxicology and Pharmaceutics	Life Sciences
T10256	Drug Solubulity and Delivery Systems	Pharmacology, Toxicology and Pharmaceutics	Life Sciences
T11465	Drug-Induced Hepatotoxicity and Protection	Pharmacology, Toxicology and Pharmaceutics	Life Sciences
T10947	Fluorine in Organic Chemistry	Pharmacology, Toxicology and Pharmaceutics	Life Sciences
T10800	Forensic Toxicology and Drug Analysis	Pharmacology, Toxicology and Pharmaceutics	Life Sciences
T12347	Ginger and Zingiberaceae research	Pharmacology, Toxicology and Pharmaceutics	Life Sciences
T13322	Hibiscus Plant Research Studies	Pharmacology, Toxicology and Pharmaceutics	Life Sciences
T13798	Hops Chemistry and Applications	Pharmacology, Toxicology and Pharmaceutics	Life Sciences
T14108	Medical and Pharmaceutic Studies	Pharmacology, Toxicology and Pharmaceutics	Life Sciences
T14331	Medicinal Plant Pharmacodynamics Research	Pharmacology, Toxicology and Pharmaceutics	Life Sciences
T11931	Organoselenium and organotellurium chemistry	Pharmacology, Toxicology and Pharmaceutics	Life Sciences
T11649	Pharmaceutical industry and healthcare	Pharmacology, Toxicology and Pharmaceutics	Life Sciences
T10375	Pharmacogenetics and Drug Metabolism	Pharmacology, Toxicology and Pharmaceutics	Life Sciences
T12817	Pharmacological Effects of Natural Compounds	Pharmacology, Toxicology and Pharmaceutics	Life Sciences
T13202	Pharmacology and Nanomedicine Research	Pharmacology, Toxicology and Pharmaceutics	Life Sciences
T11943	Pharmacovigilance and Adverse Drug Reactions	Pharmacology, Toxicology and Pharmaceutics	Life Sciences
T13970	Pharmacy and Medical Practices	Pharmacology, Toxicology and Pharmaceutics	Life Sciences
T13719	Phytochemistry and Bioactivity Studies	Pharmacology, Toxicology and Pharmaceutics	Life Sciences
T13037	Piperaceae Chemical and Biological Studies	Pharmacology, Toxicology and Pharmaceutics	Life Sciences
T13095	Plant-based Medicinal Research	Pharmacology, Toxicology and Pharmaceutics	Life Sciences
T14360	Psidium guajava Extracts and Applications	Pharmacology, Toxicology and Pharmaceutics	Life Sciences
T10117	Advanced Combustion Engine Technologies	Chemical Engineering	Physical Sciences
T12112	Ammonia Synthesis and Nitrogen Reduction	Chemical Engineering	Physical Sciences
T11472	Analytical Chemistry and Sensors	Chemical Engineering	Physical Sciences
T11593	Carbon dioxide utilization in catalysis	Chemical Engineering	Physical Sciences
T11825	Catalysis and Oxidation Reactions	Chemical Engineering	Physical Sciences
T10495	Catalysts for Methane Reforming	Chemical Engineering	Physical Sciences
T13840	Chemical Safety and Risk Management	Chemical Engineering	Physical Sciences
T11936	Chemical and Physical Properties in Aqueous Solutions	Chemical Engineering	Physical Sciences
T10480	Ionic liquids properties and applications	Chemical Engineering	Physical Sciences
T11947	Molten salt chemistry and electrochemical processes	Chemical Engineering	Physical Sciences
T11821	Odor and Emission Control Technologies	Chemical Engineering	Physical Sciences
T11379	Rheology and Fluid Dynamics Studies	Chemical Engineering	Physical Sciences
T10962	Thermodynamic properties of mixtures	Chemical Engineering	Physical Sciences
T13604	Adsorption, diffusion, and thermodynamic properties of materials	Chemistry	Physical Sciences
T11809	Advanced NMR Techniques and Applications	Chemistry	Physical Sciences
T12044	Advanced Physical and Chemical Molecular Interactions	Chemistry	Physical Sciences
T10405	Advanced Polymer Synthesis and Characterization	Chemistry	Physical Sciences
T10519	Advanced Proteomics Techniques and Applications	Chemistry	Physical Sciences
T13649	Advanced Synthetic Organic Chemistry	Chemistry	Physical Sciences
T12195	Aerogels and thermal insulation	Chemistry	Physical Sciences
T10908	Analytical Chemistry and Chromatography	Chemistry	Physical Sciences
T11460	Analytical Methods in Pharmaceuticals	Chemistry	Physical Sciences
T10180	Analytical chemistry methods development	Chemistry	Physical Sciences
T12526	Antimicrobial agents and applications	Chemistry	Physical Sciences
T11281	Asymmetric Hydrogenation and Catalysis	Chemistry	Physical Sciences
T10013	Asymmetric Synthesis and Catalysis	Chemistry	Physical Sciences
T13115	Axial and Atropisomeric Chirality Synthesis	Chemistry	Physical Sciences
T10835	Carbohydrate Chemistry and Synthesis	Chemistry	Physical Sciences
T10871	Catalytic Alkyne Reactions	Chemistry	Physical Sciences
T10548	Catalytic Cross-Coupling Reactions	Chemistry	Physical Sciences
T10354	Catalytic C–H Functionalization Methods	Chemistry	Physical Sciences
T12191	Chemical Reaction Mechanisms	Chemistry	Physical Sciences
T13253	Chemical Reactions and Mechanisms	Chemistry	Physical Sciences
T11831	Chemical Synthesis and Reactions	Chemistry	Physical Sciences
T12852	Chemical Thermodynamics and Molecular Structure	Chemistry	Physical Sciences
T13124	Chemical synthesis and alkaloids	Chemistry	Physical Sciences
T13876	Chemical synthesis and pharmacological studies	Chemistry	Physical Sciences
T12527	Chemistry and Stereochemistry Studies	Chemistry	Physical Sciences
T13128	Chromatography in Natural Products	Chemistry	Physical Sciences
T11440	Click Chemistry and Applications	Chemistry	Physical Sciences
T13361	Coconut Research and Applications	Chemistry	Physical Sciences
T12228	Coordination Chemistry and Organometallics	Chemistry	Physical Sciences
T10464	Crystal structures of chemical compounds	Chemistry	Physical Sciences
T10798	Crystallography and molecular interactions	Chemistry	Physical Sciences
T12653	Cyclization and Aryne Chemistry	Chemistry	Physical Sciences
T11611	Cyclopropane Reaction Mechanisms	Chemistry	Physical Sciences
T13675	Diffusion Coefficients in Liquids	Chemistry	Physical Sciences
T13325	Dye analysis and toxicity	Chemistry	Physical Sciences
T10909	Edible Oils Quality and Analysis	Chemistry	Physical Sciences
T11434	Electrochemical Analysis and Applications	Chemistry	Physical Sciences
T12274	Electrostatics and Colloid Interactions	Chemistry	Physical Sciences
T13833	Ferrocene Chemistry and Applications	Chemistry	Physical Sciences
T13013	Free Radicals and Antioxidants	Chemistry	Physical Sciences
T10956	Fullerene Chemistry and Applications	Chemistry	Physical Sciences
T13079	Heavy Metals in Plants	Chemistry	Physical Sciences
T13297	History and advancements in chemistry	Chemistry	Physical Sciences
T12557	Inorganic Chemistry and Materials	Chemistry	Physical Sciences
T12646	Inorganic Fluorides and Related Compounds	Chemistry	Physical Sciences
T11746	Inorganic and Organometallic Chemistry	Chemistry	Physical Sciences
T10683	Mass Spectrometry Techniques and Applications	Chemistry	Physical Sciences
T11747	Metal-Catalyzed Oxygenation Mechanisms	Chemistry	Physical Sciences
T10096	Metal-Organic Frameworks: Synthesis and Applications	Chemistry	Physical Sciences
T12270	Microwave-Assisted Synthesis and Applications	Chemistry	Physical Sciences
T10532	Molecular Sensors and Ion Detection	Chemistry	Physical Sciences
T12967	Molecular Spectroscopy and Structure	Chemistry	Physical Sciences
T12748	Molecular spectroscopy and chirality	Chemistry	Physical Sciences
T10817	Multicomponent Synthesis of Heterocycles	Chemistry	Physical Sciences
T11790	N-Heterocyclic Carbenes in Organic and Inorganic Chemistry	Chemistry	Physical Sciences
T12240	Nanomaterials for catalytic reactions	Chemistry	Physical Sciences
T12893	Organic Chemistry Cycloaddition Reactions	Chemistry	Physical Sciences
T13859	Organic Chemistry Synthesis Methods	Chemistry	Physical Sciences
T14068	Organic and Inorganic Chemical Reactions	Chemistry	Physical Sciences
T11441	Organoboron and organosilicon chemistry	Chemistry	Physical Sciences
T10092	Organometallic Complex Synthesis and Catalysis	Chemistry	Physical Sciences
T12458	Organometallic Compounds Synthesis and Characterization	Chemistry	Physical Sciences
T11748	Organophosphorus compounds synthesis	Chemistry	Physical Sciences
T11989	Oxidative Organic Chemistry Reactions	Chemistry	Physical Sciences
T11630	Petroleum Processing and Analysis	Chemistry	Physical Sciences
T13239	Phosphorus compounds and reactions	Chemistry	Physical Sciences
T11129	Photochemistry and Electron Transfer Studies	Chemistry	Physical Sciences
T12570	Photopolymerization techniques and applications	Chemistry	Physical Sciences
T13217	Pigment Synthesis and Properties	Chemistry	Physical Sciences
T14297	Plant-Derived Bioactive Compounds	Chemistry	Physical Sciences
T14318	Polydiacetylene-based materials and applications	Chemistry	Physical Sciences
T12318	Quinazolinone synthesis and applications	Chemistry	Physical Sciences
T10701	Radical Photochemical Reactions	Chemistry	Physical Sciences
T10973	Radioactive element chemistry and processing	Chemistry	Physical Sciences
T10640	Spectroscopy and Chemometric Analyses	Chemistry	Physical Sciences
T11111	Spectroscopy and Laser Applications	Chemistry	Physical Sciences
T12410	Structural and Chemical Analysis of Organic and Inorganic Compounds	Chemistry	Physical Sciences
T12189	Sulfur-Based Synthesis Techniques	Chemistry	Physical Sciences
T10578	Supramolecular Chemistry and Complexes	Chemistry	Physical Sciences
T10721	Surfactants and Colloidal Systems	Chemistry	Physical Sciences
T13160	Synthesis and Biological Evaluation	Chemistry	Physical Sciences
T12251	Synthesis and Catalytic Reactions	Chemistry	Physical Sciences
T14099	Synthesis and Characterization of Heterocyclic Compounds	Chemistry	Physical Sciences
T12562	Synthesis and Characterization of Pyrroles	Chemistry	Physical Sciences
T11298	Synthesis and Properties of Aromatic Compounds	Chemistry	Physical Sciences
T14459	Synthesis and Reactions of Organic Compounds	Chemistry	Physical Sciences
T13230	Synthesis and Reactivity of Heterocycles	Chemistry	Physical Sciences
T13304	Synthesis and Reactivity of Sulfur-Containing Compounds	Chemistry	Physical Sciences
T10274	Synthesis and biological activity	Chemistry	Physical Sciences
T10807	Synthesis and characterization of novel inorganic/organometallic compounds	Chemistry	Physical Sciences
T13105	Synthesis and pharmacology of benzodiazepine derivatives	Chemistry	Physical Sciences
T12973	Synthesis of Indole Derivatives	Chemistry	Physical Sciences
T13265	Synthesis of Tetrazole Derivatives	Chemistry	Physical Sciences
T13208	Synthesis of heterocyclic compounds	Chemistry	Physical Sciences
T13489	Synthesis of β-Lactam Compounds	Chemistry	Physical Sciences
T11549	Synthetic Organic Chemistry Methods	Chemistry	Physical Sciences
T12136	Vanadium and Halogenation Chemistry	Chemistry	Physical Sciences
T12327	Various Chemistry Research Topics	Chemistry	Physical Sciences
T13568	Wood and Agarwood Research	Chemistry	Physical Sciences
T10353	Zeolite Catalysis and Synthesis	Chemistry	Physical Sciences
T13539	thermodynamics and calorimetric analyses	Chemistry	Physical Sciences
T13647	AI and Big Data Applications	Computer Science	Physical Sciences
T13567	AI and Multimedia in Education	Computer Science	Physical Sciences
T12128	AI in Service Interactions	Computer Science	Physical Sciences
T10862	AI in cancer detection	Computer Science	Physical Sciences
T10906	AI-based Problem Solving and Planning	Computer Science	Physical Sciences
T12794	Adaptive Dynamic Programming Control	Computer Science	Physical Sciences
T11727	Advanced Algebra and Logic	Computer Science	Physical Sciences
T11504	Advanced Authentication Protocols Security	Computer Science	Physical Sciences
T10637	Advanced Clustering Algorithms Research	Computer Science	Physical Sciences
T13734	Advanced Computational Techniques and Applications	Computer Science	Physical Sciences
T13608	Advanced Computational Techniques in Science and Engineering	Computer Science	Physical Sciences
T10901	Advanced Data Compression Techniques	Computer Science	Physical Sciences
T11181	Advanced Data Storage Technologies	Computer Science	Physical Sciences
T10317	Advanced Database Systems and Queries	Computer Science	Physical Sciences
T13832	Advanced Decision-Making Techniques	Computer Science	Physical Sciences
T11273	Advanced Graph Neural Networks	Computer Science	Physical Sciences
T10374	Advanced Graph Theory Research	Computer Science	Physical Sciences
T11105	Advanced Image Processing Techniques	Computer Science	Physical Sciences
T10627	Advanced Image and Video Retrieval Techniques	Computer Science	Physical Sciences
T11241	Advanced Malware Detection Techniques	Computer Science	Physical Sciences
T12100	Advanced Mathematical Modeling in Engineering	Computer Science	Physical Sciences
T10848	Advanced Multi-Objective Optimization Algorithms	Computer Science	Physical Sciences
T10036	Advanced Neural Network Applications	Computer Science	Physical Sciences
T10639	Advanced Software Engineering Methodologies	Computer Science	Physical Sciences
T13748	Advanced Statistical Modeling Techniques	Computer Science	Physical Sciences
T10388	Advanced Steganography and Watermarking Techniques	Computer Science	Physical Sciences
T13345	Advanced Technologies and Applied Computing	Computer Science	Physical Sciences
T14413	Advanced Technologies in Various Fields	Computer Science	Physical Sciences
T14155	Advanced Technology in Applications	Computer Science	Physical Sciences
T13083	Advanced Text Analysis Techniques	Computer Science	Physical Sciences
T10531	Advanced Vision and Imaging	Computer Science	Physical Sciences
T11689	Adversarial Robustness in Machine Learning	Computer Science	Physical Sciences
T13553	Age of Information Optimization	Computer Science	Physical Sciences
T11269	Algorithms and Data Compression	Computer Science	Physical Sciences
T11512	Anomaly Detection Techniques and Applications	Computer Science	Physical Sciences
T13904	Artificial Intelligence Applications	Computer Science	Physical Sciences
T14174	Artificial Intelligence and Decision Support Systems	Computer Science	Physical Sciences
T14414	Artificial Intelligence in Education	Computer Science	Physical Sciences
T11574	Artificial Intelligence in Games	Computer Science	Physical Sciences
T10888	Augmented Reality Applications	Computer Science	Physical Sciences
T12380	Authorship Attribution and Profiling	Computer Science	Physical Sciences
T11901	Bayesian Methods and Mixture Models	Computer Science	Physical Sciences
T11303	Bayesian Modeling and Causal Inference	Computer Science	Physical Sciences
T14347	Big Data and Digital Economy	Computer Science	Physical Sciences
T14307	Bioethics and Human Rights Issues	Computer Science	Physical Sciences
T10828	Biometric Identification and Security	Computer Science	Physical Sciences
T11447	Blind Source Separation Techniques	Computer Science	Physical Sciences
T10270	Blockchain Technology Applications and Security	Computer Science	Physical Sciences
T13913	Blockchain Technology in Education and Learning	Computer Science	Physical Sciences
T12801	Bluetooth and Wireless Communication Technologies	Computer Science	Physical Sciences
T12943	COVID-19 Digital Contact Tracing	Computer Science	Physical Sciences
T11478	Caching and Content Delivery	Computer Science	Physical Sciences
T12162	Cellular Automata and Applications	Computer Science	Physical Sciences
T12469	Chaos, Complexity, and Education	Computer Science	Physical Sciences
T11017	Chaos-based Image/Signal Encryption	Computer Science	Physical Sciences
T14215	Chemical and Environmental Engineering Research	Computer Science	Physical Sciences
T14067	Cloud Computing and Remote Desktop Technologies	Computer Science	Physical Sciences
T10101	Cloud Computing and Resource Management	Computer Science	Physical Sciences
T11614	Cloud Data Security Solutions	Computer Science	Physical Sciences
T11130	Coding theory and cryptography	Computer Science	Physical Sciences
T13062	Cognitive Computing and Networks	Computer Science	Physical Sciences
T10579	Cognitive Radio Networks and Spectrum Sensing	Computer Science	Physical Sciences
T12805	Cognitive Science and Mapping	Computer Science	Physical Sciences
T10720	Complexity and Algorithms in Graphs	Computer Science	Physical Sciences
T12002	Computability, Logic, AI Algorithms	Computer Science	Physical Sciences
T10211	Computational Drug Discovery Methods	Computer Science	Physical Sciences
T10996	Computational Geometry and Mesh Generation	Computer Science	Physical Sciences
T13650	Computational Physics and Python Applications	Computer Science	Physical Sciences
T10481	Computer Graphics and Visualization Techniques	Computer Science	Physical Sciences
T13674	Computer Science and Engineering	Computer Science	Physical Sciences
T11596	Constraint Satisfaction and Optimization	Computer Science	Physical Sciences
T12809	Contact Mechanics and Variational Inequalities	Computer Science	Physical Sciences
T10444	Context-Aware Activity Recognition Systems	Computer Science	Physical Sciences
T10796	Cooperative Communication and Network Coding	Computer Science	Physical Sciences
T10951	Cryptographic Implementations and Security	Computer Science	Physical Sciences
T10237	Cryptography and Data Security	Computer Science	Physical Sciences
T11693	Cryptography and Residue Arithmetic	Computer Science	Physical Sciences
T13807	Cultural Insights and Digital Impacts	Computer Science	Physical Sciences
T14319	Currency Recognition and Detection	Computer Science	Physical Sciences
T12519	Cybercrime and Law Enforcement Studies	Computer Science	Physical Sciences
T13983	Cybersecurity and Information Systems	Computer Science	Physical Sciences
T13398	Data Analysis with R	Computer Science	Physical Sciences
T11106	Data Management and Algorithms	Computer Science	Physical Sciences
T10538	Data Mining Algorithms and Applications	Computer Science	Physical Sciences
T13373	Data Mining and Machine Learning Applications	Computer Science	Physical Sciences
T12761	Data Stream Mining Techniques	Computer Science	Physical Sciences
T10799	Data Visualization and Analytics	Computer Science	Physical Sciences
T13155	Digital Communication and Language	Computer Science	Physical Sciences
T13081	Digital Education and Society	Computer Science	Physical Sciences
T11034	Digital Filter Design and Implementation	Computer Science	Physical Sciences
T12923	Digital Image Processing Techniques	Computer Science	Physical Sciences
T12874	Digital Imaging for Blood Diseases	Computer Science	Physical Sciences
T12357	Digital Media Forensic Detection	Computer Science	Physical Sciences
T14114	Digital Media and Philosophy	Computer Science	Physical Sciences
T14254	Digital Media and Visual Art	Computer Science	Physical Sciences
T13999	Digital Rights Management and Security	Computer Science	Physical Sciences
T12034	Digital and Cyber Forensics	Computer Science	Physical Sciences
T12338	Digital literacy in education	Computer Science	Physical Sciences
T10931	Direction-of-Arrival Estimation Techniques	Computer Science	Physical Sciences
T10249	Distributed Control Multi-Agent Systems	Computer Science	Physical Sciences
T12879	Distributed Sensor Networks and Detection Algorithms	Computer Science	Physical Sciences
T10715	Distributed and Parallel Computing Systems	Computer Science	Physical Sciences
T10772	Distributed systems and fault tolerance	Computer Science	Physical Sciences
T13898	Diverse Interdisciplinary Research Studies	Computer Science	Physical Sciences
T14431	Diverse Research and Applications	Computer Science	Physical Sciences
T11307	Domain Adaptation and Few-Shot Learning	Computer Science	Physical Sciences
T14246	E-Learning and Knowledge Management	Computer Science	Physical Sciences
T13867	Economic Growth and Development	Computer Science	Physical Sciences
T13559	Edcuational Technology Systems	Computer Science	Physical Sciences
T13565	Education and Learning Interventions	Computer Science	Physical Sciences
T13932	Education, Technology, and Economics	Computer Science	Physical Sciences
T14403	Educational Challenges and Innovations	Computer Science	Physical Sciences
T12408	Educational Innovations and Challenges	Computer Science	Physical Sciences
T12395	Educational Innovations and Technology	Computer Science	Physical Sciences
T14103	Educational Management and Quality	Computer Science	Physical Sciences
T13602	Educational Methods and Media Use	Computer Science	Physical Sciences
T13386	Educational Methods and Teacher Development	Computer Science	Physical Sciences
T13873	Educational Methods and Technology	Computer Science	Physical Sciences
T13836	Educational Research and Pedagogy	Computer Science	Physical Sciences
T14335	Educational Robotics and Engineering	Computer Science	Physical Sciences
T14409	Educational Systems and Policies	Computer Science	Physical Sciences
T14025	Educational Technology and Assessment	Computer Science	Physical Sciences
T14496	Educational Technology and E-Learning	Computer Science	Physical Sciences
T13964	Educational Technology and Optimization	Computer Science	Physical Sciences
T12260	Educational Technology and Pedagogy	Computer Science	Physical Sciences
T14498	Educational Technology in Learning	Computer Science	Physical Sciences
T13676	Educational and Technological Research	Computer Science	Physical Sciences
T10904	Embedded Systems Design Techniques	Computer Science	Physical Sciences
T14098	Energy Efficiency in Computing	Computer Science	Physical Sciences
T10080	Energy Efficient Wireless Sensor Networks	Computer Science	Physical Sciences
T13482	Engineering Education and Technology	Computer Science	Physical Sciences
T13681	Engineering and Information Technology	Computer Science	Physical Sciences
T14516	English Language Learning and Teaching	Computer Science	Physical Sciences
T14387	Environmental Engineering and Cultural Studies	Computer Science	Physical Sciences
T11321	Error Correcting Code Techniques	Computer Science	Physical Sciences
T11975	Evolutionary Algorithms and Applications	Computer Science	Physical Sciences
T13514	Experience-Based Knowledge Management	Computer Science	Physical Sciences
T13274	Expert finding and Q&A systems	Computer Science	Physical Sciences
T12026	Explainable Artificial Intelligence (XAI)	Computer Science	Physical Sciences
T10057	Face and Expression Recognition	Computer Science	Physical Sciences
T11448	Face recognition and analysis	Computer Science	Physical Sciences
T10142	Formal Methods in Verification	Computer Science	Physical Sciences
T10820	Fuzzy Logic and Control Systems	Computer Science	Physical Sciences
T12814	Gaussian Processes and Bayesian Inference	Computer Science	Physical Sciences
T11707	Gaze Tracking and Assistive Technology	Computer Science	Physical Sciences
T10775	Generative Adversarial Networks and Image Synthesis	Computer Science	Physical Sciences
T12157	Geochemistry and Geologic Mapping	Computer Science	Physical Sciences
T12541	Graph Labeling and Dimension Problems	Computer Science	Physical Sciences
T12292	Graph Theory and Algorithms	Computer Science	Physical Sciences
T11398	Hand Gesture Recognition Systems	Computer Science	Physical Sciences
T10601	Handwritten Text Recognition Techniques	Computer Science	Physical Sciences
T12262	Hate Speech and Cyberbullying Detection	Computer Science	Physical Sciences
T14071	Healthcare during COVID-19 Pandemic	Computer Science	Physical Sciences
T14430	Higher Education and Teaching Methods	Computer Science	Physical Sciences
T12797	History of Computing Technologies	Computer Science	Physical Sciences
T10812	Human Pose and Action Recognition	Computer Science	Physical Sciences
T13194	ICT in Developing Communities	Computer Science	Physical Sciences
T11019	Image Enhancement Techniques	Computer Science	Physical Sciences
T14339	Image Processing and 3D Reconstruction	Computer Science	Physical Sciences
T10824	Image Retrieval and Classification Techniques	Computer Science	Physical Sciences
T12549	Image and Object Detection Techniques	Computer Science	Physical Sciences
T10688	Image and Signal Denoising Methods	Computer Science	Physical Sciences
T11165	Image and Video Quality Assessment	Computer Science	Physical Sciences
T13579	Image and Video Stabilization	Computer Science	Physical Sciences
T11652	Imbalanced Data Classification Techniques	Computer Science	Physical Sciences
T13874	Information Architecture and Usability	Computer Science	Physical Sciences
T14435	Information Retrieval and Data Mining	Computer Science	Physical Sciences
T10286	Information Retrieval and Search Behavior	Computer Science	Physical Sciences
T13166	Information Science and Libraries	Computer Science	Physical Sciences
T13034	Information Systems Education and Curriculum Development	Computer Science	Physical Sciences
T10734	Information and Cyber Security	Computer Science	Physical Sciences
T14519	Innovations in Education and Learning Technologies	Computer Science	Physical Sciences
T13016	Innovative Educational Technologies	Computer Science	Physical Sciences
T10803	Innovative Human-Technology Interaction	Computer Science	Physical Sciences
T11902	Intelligent Tutoring Systems and Adaptive Learning	Computer Science	Physical Sciences
T10789	Interactive and Immersive Displays	Computer Science	Physical Sciences
T10829	Interconnection Networks and Systems	Computer Science	Physical Sciences
T11598	Internet Traffic Analysis and Secure E-voting	Computer Science	Physical Sciences
T13038	Internet of Things and AI	Computer Science	Physical Sciences
T13924	Internet of Things and Social Network Interactions	Computer Science	Physical Sciences
T14175	Intuitionistic Fuzzy Systems Applications	Computer Science	Physical Sciences
T10273	IoT and Edge/Fog Computing	Computer Science	Physical Sciences
T13541	IoT-based Control Systems	Computer Science	Physical Sciences
T13851	Law, AI, and Intellectual Property	Computer Science	Physical Sciences
T11813	Library Collection Development and Digital Resources	Computer Science	Physical Sciences
T13673	Library Science and Information	Computer Science	Physical Sciences
T14330	Library Science and Information Systems	Computer Science	Physical Sciences
T13623	Linguistic Studies and Language Acquisition	Computer Science	Physical Sciences
T11010	Logic, Reasoning, and Knowledge	Computer Science	Physical Sciences
T10126	Logic, programming, and type systems	Computer Science	Physical Sciences
T12072	Machine Learning and Algorithms	Computer Science	Physical Sciences
T12535	Machine Learning and Data Classification	Computer Science	Physical Sciences
T12676	Machine Learning and ELM	Computer Science	Physical Sciences
T13702	Machine Learning in Healthcare	Computer Science	Physical Sciences
T13935	Mathematical Control Systems and Analysis	Computer Science	Physical Sciences
T13523	Mathematics, Computing, and Information Processing	Computer Science	Physical Sciences
T10792	Matrix Theory and Algorithms	Computer Science	Physical Sciences
T13745	Media and Digital Communication	Computer Science	Physical Sciences
T10052	Medical Image Segmentation Techniques	Computer Science	Physical Sciences
T10100	Metaheuristic Optimization Algorithms Research	Computer Science	Physical Sciences
T10246	Mobile Ad Hoc Networks	Computer Science	Physical Sciences
T12203	Mobile Agent-Based Network Management	Computer Science	Physical Sciences
T11704	Mobile Crowdsensing and Crowdsourcing	Computer Science	Physical Sciences
T11370	Mobile Learning in Education	Computer Science	Physical Sciences
T12799	Mobile and Web Applications	Computer Science	Physical Sciences
T11450	Model-Driven Software Engineering Techniques	Computer Science	Physical Sciences
T13286	Modeling and Simulation Systems	Computer Science	Physical Sciences
T10456	Multi-Agent Systems and Negotiation	Computer Science	Physical Sciences
T14216	Multimedia Learning Systems	Computer Science	Physical Sciences
T11714	Multimodal Machine Learning Applications	Computer Science	Physical Sciences
T11349	Music Technology and Sound Studies	Computer Science	Physical Sciences
T11309	Music and Audio Processing	Computer Science	Physical Sciences
T10181	Natural Language Processing Techniques	Computer Science	Physical Sciences
T12326	Network Packet Processing and Optimization	Computer Science	Physical Sciences
T10400	Network Security and Intrusion Detection	Computer Science	Physical Sciences
T12216	Network Time Synchronization Technologies	Computer Science	Physical Sciences
T10138	Network Traffic and Congestion Control	Computer Science	Physical Sciences
T11347	Neural Networks Stability and Synchronization	Computer Science	Physical Sciences
T10320	Neural Networks and Applications	Computer Science	Physical Sciences
T12611	Neural Networks and Reservoir Computing	Computer Science	Physical Sciences
T11187	Nonlinear Dynamics and Pattern Formation	Computer Science	Physical Sciences
T11697	Numerical Methods and Algorithms	Computer Science	Physical Sciences
T11122	Online Learning and Analytics	Computer Science	Physical Sciences
T12171	Open Education and E-Learning	Computer Science	Physical Sciences
T11675	Open Source Software Innovations	Computer Science	Physical Sciences
T11896	Opportunistic and Delay-Tolerant Networks	Computer Science	Physical Sciences
T10638	Optical measurement and interference techniques	Computer Science	Physical Sciences
T12288	Optimization and Search Problems	Computer Science	Physical Sciences
T10545	Optimization and Variational Analysis	Computer Science	Physical Sciences
T14064	Organizational and Employee Performance	Computer Science	Physical Sciences
T10054	Parallel Computing and Optimization Techniques	Computer Science	Physical Sciences
T10742	Peer-to-Peer Network Technologies	Computer Science	Physical Sciences
T14074	Persona Design and Applications	Computer Science	Physical Sciences
T11125	Petri Nets in System Modeling	Computer Science	Physical Sciences
T12122	Physical Unclonable Functions (PUFs) and Hardware Security	Computer Science	Physical Sciences
T11435	Polynomial and algebraic computation	Computer Science	Physical Sciences
T10764	Privacy-Preserving Technologies in Data	Computer Science	Physical Sciences
T14381	Psychiatry, Mental Health, Neuroscience	Computer Science	Physical Sciences
T13270	QR Code Applications and Technologies	Computer Science	Physical Sciences
T10682	Quantum Computing Algorithms and Architecture	Computer Science	Physical Sciences
T10020	Quantum Information and Cryptography	Computer Science	Physical Sciences
T13182	Quantum-Dot Cellular Automata	Computer Science	Physical Sciences
T10933	Real-Time Systems Scheduling	Computer Science	Physical Sciences
T10203	Recommender Systems and Techniques	Computer Science	Physical Sciences
T10462	Reinforcement Learning in Robotics	Computer Science	Physical Sciences
T11937	Research Data Management Practices	Computer Science	Physical Sciences
T10586	Robotic Path Planning Algorithms	Computer Science	Physical Sciences
T11063	Rough Sets and Fuzzy Logic	Computer Science	Physical Sciences
T14345	Scientific Research and Philosophical Inquiry	Computer Science	Physical Sciences
T14100	Scientific Research and Technology	Computer Science	Physical Sciences
T11424	Security and Verification in Computing	Computer Science	Physical Sciences
T11498	Security in Wireless Sensor Networks	Computer Science	Physical Sciences
T13018	Seismology and Earthquake Studies	Computer Science	Physical Sciences
T10215	Semantic Web and Ontologies	Computer Science	Physical Sciences
T12564	Sensor Technology and Measurement Systems	Computer Science	Physical Sciences
T10664	Sentiment Analysis and Opinion Mining	Computer Science	Physical Sciences
T10679	Service-Oriented Architecture and Web Services	Computer Science	Physical Sciences
T13693	Smart Systems and Machine Learning	Computer Science	Physical Sciences
T10260	Software Engineering Research	Computer Science	Physical Sciences
T10430	Software Engineering Techniques and Practices	Computer Science	Physical Sciences
T12423	Software Reliability and Analysis Research	Computer Science	Physical Sciences
T12127	Software System Performance and Reliability	Computer Science	Physical Sciences
T10743	Software Testing and Debugging Techniques	Computer Science	Physical Sciences
T10714	Software-Defined Networks and 5G	Computer Science	Physical Sciences
T11276	Solar Radiation and Photovoltaics	Computer Science	Physical Sciences
T11644	Spam and Phishing Detection	Computer Science	Physical Sciences
T10201	Speech Recognition and Synthesis	Computer Science	Physical Sciences
T10860	Speech and Audio Processing	Computer Science	Physical Sciences
T12031	Speech and dialogue systems	Computer Science	Physical Sciences
T13197	Spreadsheets and End-User Computing	Computer Science	Physical Sciences
T14351	Statistical and Computational Modeling	Computer Science	Physical Sciences
T11612	Stochastic Gradient Optimization Techniques	Computer Science	Physical Sciences
T10711	Target Tracking and Data Fusion in Sensor Networks	Computer Science	Physical Sciences
T10533	Teaching and Learning Programming	Computer Science	Physical Sciences
T14484	Technology and Data Analysis	Computer Science	Physical Sciences
T14455	Technology and Education Systems	Computer Science	Physical Sciences
T14042	Technology and Security Systems	Computer Science	Physical Sciences
T13629	Text Readability and Simplification	Computer Science	Physical Sciences
T11550	Text and Document Classification Technologies	Computer Science	Physical Sciences
T14029	Thoreau and American Literature	Computer Science	Physical Sciences
T12205	Time Series Analysis and Forecasting	Computer Science	Physical Sciences
T10028	Topic Modeling	Computer Science	Physical Sciences
T12536	Topological and Geometric Data Analysis	Computer Science	Physical Sciences
T13615	Transportation Systems and Safety	Computer Science	Physical Sciences
T10470	Usability and User Interface Design	Computer Science	Physical Sciences
T11800	User Authentication and Security Systems	Computer Science	Physical Sciences
T11032	VLSI and Analog Circuit Testing	Computer Science	Physical Sciences
T11439	Video Analysis and Summarization	Computer Science	Physical Sciences
T10741	Video Coding and Compression Technologies	Computer Science	Physical Sciences
T10331	Video Surveillance and Tracking Methods	Computer Science	Physical Sciences
T10648	Virtual Reality Applications and Impacts	Computer Science	Physical Sciences
T11605	Visual Attention and Saliency Detection	Computer Science	Physical Sciences
T12479	Web Application Security Vulnerabilities	Computer Science	Physical Sciences
T12601	Web Applications and Data Management	Computer Science	Physical Sciences
T12016	Web Data Mining and Analysis	Computer Science	Physical Sciences
T12863	Web and Library Services	Computer Science	Physical Sciences
T13976	Web visibility and informetrics	Computer Science	Physical Sciences
T10575	Wireless Communication Networks Research	Computer Science	Physical Sciences
T11158	Wireless Networks and Protocols	Computer Science	Physical Sciences
T14353	Wireless Sensor Networks for Data Analysis	Computer Science	Physical Sciences
T12131	Wireless Signal Modulation Classification	Computer Science	Physical Sciences
T11567	semigroups and automata theory	Computer Science	Physical Sciences
T11211	3D Surveying and Cultural Heritage	Earth and Planetary Sciences	Physical Sciences
T12383	Aeolian processes and effects	Earth and Planetary Sciences	Physical Sciences
T13785	Aquatic and Environmental Studies	Earth and Planetary Sciences	Physical Sciences
T12364	Archaeological Research and Protection	Earth and Planetary Sciences	Physical Sciences
T10087	Archaeology and ancient environmental studies	Earth and Planetary Sciences	Physical Sciences
T11459	Arctic and Antarctic ice dynamics	Earth and Planetary Sciences	Physical Sciences
T11320	Atmospheric Ozone and Climate	Earth and Planetary Sciences	Physical Sciences
T10075	Atmospheric chemistry and aerosols	Earth and Planetary Sciences	Physical Sciences
T11643	Building materials and conservation	Earth and Planetary Sciences	Physical Sciences
T11333	Climate change and permafrost	Earth and Planetary Sciences	Physical Sciences
T12218	Coal and Its By-products	Earth and Planetary Sciences	Physical Sciences
T10647	Coastal and Marine Dynamics	Earth and Planetary Sciences	Physical Sciences
T13209	Cold Fusion and Nuclear Reactions	Earth and Planetary Sciences	Physical Sciences
T10644	Cryospheric studies and observations	Earth and Planetary Sciences	Physical Sciences
T13811	Earth Systems and Cosmic Evolution	Earth and Planetary Sciences	Physical Sciences
T12424	Earthquake Detection and Analysis	Earth and Planetary Sciences	Physical Sciences
T14427	Environmental Monitoring and Data Management	Earth and Planetary Sciences	Physical Sciences
T11354	Evolution and Paleontology Studies	Earth and Planetary Sciences	Physical Sciences
T11740	Geochemistry and Elemental Analysis	Earth and Planetary Sciences	Physical Sciences
T12821	Geological Formations and Processes Exploration	Earth and Planetary Sciences	Physical Sciences
T13067	Geological Modeling and Analysis	Earth and Planetary Sciences	Physical Sciences
T13193	Geological Studies and Exploration	Earth and Planetary Sciences	Physical Sciences
T10001	Geological and Geochemical Analysis	Earth and Planetary Sciences	Physical Sciences
T13177	Geological and Geophysical Studies	Earth and Planetary Sciences	Physical Sciences
T13205	Geological and Geophysical Studies Worldwide	Earth and Planetary Sciences	Physical Sciences
T13404	Geological and Tectonic Studies in Latin America	Earth and Planetary Sciences	Physical Sciences
T10965	Geological formations and processes	Earth and Planetary Sciences	Physical Sciences
T10017	Geology and Paleoclimatology Research	Earth and Planetary Sciences	Physical Sciences
T10572	Geophysical and Geoelectrical Methods	Earth and Planetary Sciences	Physical Sciences
T11405	Geophysics and Gravity Measurements	Earth and Planetary Sciences	Physical Sciences
T12456	Geotourism and Geoheritage Conservation	Earth and Planetary Sciences	Physical Sciences
T10398	Groundwater and Isotope Geochemistry	Earth and Planetary Sciences	Physical Sciences
T10413	High-pressure geophysics and materials	Earth and Planetary Sciences	Physical Sciences
T12083	Karst Systems and Hydrogeology	Earth and Planetary Sciences	Physical Sciences
T10765	Marine Biology and Ecology Research	Earth and Planetary Sciences	Physical Sciences
T12142	Marine Invertebrate Physiology and Ecology	Earth and Planetary Sciences	Physical Sciences
T10032	Marine and coastal ecosystems	Earth and Planetary Sciences	Physical Sciences
T10643	Marine and coastal plant biology	Earth and Planetary Sciences	Physical Sciences
T14047	Marine and environmental studies	Earth and Planetary Sciences	Physical Sciences
T10466	Meteorological Phenomena and Simulations	Earth and Planetary Sciences	Physical Sciences
T13443	Mineralogy and Gemology Studies	Earth and Planetary Sciences	Physical Sciences
T12806	Ocean Acidification Effects and Responses	Earth and Planetary Sciences	Physical Sciences
T11061	Ocean Waves and Remote Sensing	Earth and Planetary Sciences	Physical Sciences
T10255	Oceanographic and Atmospheric Processes	Earth and Planetary Sciences	Physical Sciences
T10955	Paleontology and Evolutionary Biology	Earth and Planetary Sciences	Physical Sciences
T10109	Paleontology and Stratigraphy of Fossils	Earth and Planetary Sciences	Physical Sciences
T11234	Precipitation Measurement and Analysis	Earth and Planetary Sciences	Physical Sciences
T13890	Remote Sensing and Land Use	Earth and Planetary Sciences	Physical Sciences
T12637	Scarabaeidae Beetle Taxonomy and Biogeography	Earth and Planetary Sciences	Physical Sciences
T10271	Seismic Imaging and Inversion Techniques	Earth and Planetary Sciences	Physical Sciences
T11757	Seismic Waves and Analysis	Earth and Planetary Sciences	Physical Sciences
T11926	Subterranean biodiversity and taxonomy	Earth and Planetary Sciences	Physical Sciences
T11594	Tree-ring climate responses	Earth and Planetary Sciences	Physical Sciences
T11483	Tropical and Extratropical Cyclones Research	Earth and Planetary Sciences	Physical Sciences
T11698	Underwater Acoustics Research	Earth and Planetary Sciences	Physical Sciences
T10110	earthquake and tectonic studies	Earth and Planetary Sciences	Physical Sciences
T12202	nanoparticles nucleation surface interactions	Earth and Planetary Sciences	Physical Sciences
T14327	Advanced Energy Technologies and Civil Engineering Innovations	Energy	Physical Sciences
T10078	Advanced Photocatalysis Techniques	Energy	Physical Sciences
T10476	Algal biology and biofuel production	Energy	Physical Sciences
T11784	CO2 Reduction Techniques and Catalysts	Energy	Physical Sciences
T14428	Coal and Coke Industries Research	Energy	Physical Sciences
T10030	Electrocatalysts for Energy Conversion	Energy	Physical Sciences
T11954	Energy Efficiency and Management	Energy	Physical Sciences
T13331	Energy and Environmental Sustainability	Energy	Physical Sciences
T13975	Energy, Economy, and Technology Trends	Energy	Physical Sciences
T13691	Energy, Environment, Agriculture Analysis	Energy	Physical Sciences
T12617	Energy, Environment, and Transportation Policies	Energy	Physical Sciences
T13870	Environmental and Ecological Studies	Energy	Physical Sciences
T11225	Geothermal Energy Systems and Applications	Energy	Physical Sciences
T12129	Global Energy Security and Policy	Energy	Physical Sciences
T12639	Global Energy and Sustainability Research	Energy	Physical Sciences
T11007	Hybrid Renewable Energy Systems	Energy	Physical Sciences
T11877	Iron oxide chemistry and applications	Energy	Physical Sciences
T13746	Mechanical Systems and Engineering	Energy	Physical Sciences
T11626	Metalloenzymes and iron-sulfur proteins	Energy	Physical Sciences
T14224	Oil, Gas, and Environmental Issues	Energy	Physical Sciences
T10468	Photovoltaic System Optimization Techniques	Energy	Physical Sciences
T14444	Power Systems and Renewable Energy	Energy	Physical Sciences
T14481	Renewable Energy and Sustainability	Energy	Physical Sciences
T12271	Renewable energy and sustainable power systems	Energy	Physical Sciences
T10905	Solar Thermal and Photovoltaic Systems	Energy	Physical Sciences
T12008	Solar-Powered Water Purification Methods	Energy	Physical Sciences
T10024	TiO2 Photocatalysis and Solar Cells	Energy	Physical Sciences
T11527	3D IC and TSV technologies	Engineering	Physical Sciences
T12698	3D Modeling in Geospatial Applications	Engineering	Physical Sciences
T11190	3D Printing in Biomedical Research	Engineering	Physical Sciences
T10719	3D Shape Modeling and Analysis	Engineering	Physical Sciences
T10822	Acoustic Wave Phenomena Research	Engineering	Physical Sciences
T11160	Acoustic Wave Resonator Technologies	Engineering	Physical Sciences
T10040	Adaptive Control of Nonlinear Systems	Engineering	Physical Sciences
T10705	Additive Manufacturing Materials and Processes	Engineering	Physical Sciences
T10783	Additive Manufacturing and 3D Printing Technologies	Engineering	Physical Sciences
T11799	Adhesion, Friction, and Surface Interactions	Engineering	Physical Sciences
T11774	Adsorption and Cooling Systems	Engineering	Physical Sciences
T11233	Advanced Adaptive Filtering Techniques	Engineering	Physical Sciences
T13717	Advanced Algorithms and Applications	Engineering	Physical Sciences
T11383	Advanced Antenna and Metasurface Technologies	Engineering	Physical Sciences
T10281	Advanced Battery Materials and Technologies	Engineering	Physical Sciences
T10663	Advanced Battery Technologies Research	Engineering	Physical Sciences
T11667	Advanced Chemical Sensor Technologies	Engineering	Physical Sciences
T11081	Advanced Control Systems Design	Engineering	Physical Sciences
T10791	Advanced Control Systems Optimization	Engineering	Physical Sciences
T13257	Advanced Control and Stabilization in Aerospace Systems	Engineering	Physical Sciences
T10175	Advanced DC-DC Converters	Engineering	Physical Sciences
T14470	Advanced Data Processing Techniques	Engineering	Physical Sciences
T13918	Advanced Data and IoT Technologies	Engineering	Physical Sciences
T12300	Advanced Electrical Measurement Techniques	Engineering	Physical Sciences
T10205	Advanced Fiber Optic Sensors	Engineering	Physical Sciences
T11659	Advanced Image Fusion Techniques	Engineering	Physical Sciences
T10369	Advanced MEMS and NEMS Technologies	Engineering	Physical Sciences
T10148	Advanced MIMO Systems Optimization	Engineering	Physical Sciences
T11451	Advanced Machining and Optimization Techniques	Engineering	Physical Sciences
T11814	Advanced Manufacturing and Logistics Optimization	Engineering	Physical Sciences
T13552	Advanced Materials Characterization Techniques	Engineering	Physical Sciences
T11737	Advanced Materials and Mechanics	Engineering	Physical Sciences
T14257	Advanced Measurement and Detection Methods	Engineering	Physical Sciences
T11583	Advanced Measurement and Metrology Techniques	Engineering	Physical Sciences
T10502	Advanced Memory and Neural Computing	Engineering	Physical Sciences
T11245	Advanced Numerical Analysis Techniques	Engineering	Physical Sciences
T10339	Advanced Numerical Methods in Computational Mathematics	Engineering	Physical Sciences
T11408	Advanced Optical Imaging Technologies	Engineering	Physical Sciences
T10847	Advanced Optical Network Technologies	Engineering	Physical Sciences
T10767	Advanced Photonic Communication Systems	Engineering	Physical Sciences
T11248	Advanced Power Amplifier Design	Engineering	Physical Sciences
T13856	Advanced Power Generation Technologies	Engineering	Physical Sciences
T14420	Advanced Research in Systems and Signal Processing	Engineering	Physical Sciences
T11038	Advanced SAR Imaging Techniques	Engineering	Physical Sciences
T11637	Advanced Semiconductor Detectors and Materials	Engineering	Physical Sciences
T13928	Advanced Sensor Technologies Research	Engineering	Physical Sciences
T14225	Advanced Sensor and Control Systems	Engineering	Physical Sciences
T10338	Advanced Sensor and Energy Harvesting Materials	Engineering	Physical Sciences
T13816	Advanced Signal Processing Techniques	Engineering	Physical Sciences
T11301	Advanced Surface Polishing Techniques	Engineering	Physical Sciences
T13267	Advanced Theoretical and Applied Studies in Material Sciences and Geometry	Engineering	Physical Sciences
T12139	Advanced Thermodynamic Systems and Engines	Engineering	Physical Sciences
T10723	Advanced Welding Techniques Analysis	Engineering	Physical Sciences
T10125	Advanced Wireless Communication Techniques	Engineering	Physical Sciences
T11458	Advanced Wireless Communication Technologies	Engineering	Physical Sciences
T11409	Advanced Wireless Network Optimization	Engineering	Physical Sciences
T12386	Advanced X-ray and CT Imaging	Engineering	Physical Sciences
T11690	Advanced battery technologies research	Engineering	Physical Sciences
T10188	Advanced machining processes and optimization	Engineering	Physical Sciences
T12099	Advanced materials and composites	Engineering	Physical Sciences
T11517	Advanced optical system design	Engineering	Physical Sciences
T10018	Advancements in Battery Materials	Engineering	Physical Sciences
T14096	Advancements in Materials Engineering	Engineering	Physical Sciences
T11417	Advancements in PLL and VCO Technologies	Engineering	Physical Sciences
T11338	Advancements in Photolithography Techniques	Engineering	Physical Sciences
T10558	Advancements in Semiconductor Devices and Circuit Design	Engineering	Physical Sciences
T11008	Aerodynamics and Acoustics in Jet Flows	Engineering	Physical Sciences
T12081	Aerodynamics and Fluid Dynamics Research	Engineering	Physical Sciences
T11096	Aeroelasticity and Vibration Control	Engineering	Physical Sciences
T12163	Aerosol Filtration and Electrostatic Precipitation	Engineering	Physical Sciences
T13954	Aerospace Engineering and Applications	Engineering	Physical Sciences
T13855	Aerospace Engineering and Control Systems	Engineering	Physical Sciences
T12719	Aerospace Engineering and Energy Systems	Engineering	Physical Sciences
T12125	Aerospace and Aviation Technology	Engineering	Physical Sciences
T12201	Agricultural Engineering and Mechanization	Engineering	Physical Sciences
T11489	Air Traffic Management and Optimization	Engineering	Physical Sciences
T10670	Aluminum Alloy Microstructure Properties	Engineering	Physical Sciences
T10717	Aluminum Alloys Composites Properties	Engineering	Physical Sciences
T10284	Anaerobic Digestion and Biogas Production	Engineering	Physical Sciences
T10323	Analog and Mixed-Signal Circuit Design	Engineering	Physical Sciences
T11984	Anatomy and Medical Technology	Engineering	Physical Sciences
T10069	Antenna Design and Analysis	Engineering	Physical Sciences
T11946	Antenna Design and Optimization	Engineering	Physical Sciences
T13027	Applied Advanced Technologies	Engineering	Physical Sciences
T13518	Architecture and Computational Design	Engineering	Physical Sciences
T12188	Architecture, Modernity, and Design	Engineering	Physical Sciences
T13420	Arduino and IoT Applications	Engineering	Physical Sciences
T12391	Artificial Immune Systems Applications	Engineering	Physical Sciences
T10264	Asphalt Pavement Performance Evaluation	Engineering	Physical Sciences
T12782	Assembly Line Balancing Optimization	Engineering	Physical Sciences
T14163	Astronomical Observations and Instrumentation	Engineering	Physical Sciences
T13282	Automated Road and Building Extraction	Engineering	Physical Sciences
T11099	Autonomous Vehicle Technology and Safety	Engineering	Physical Sciences
T11006	BIM and Construction Integration	Engineering	Physical Sciences
T12774	Bauxite Residue and Utilization	Engineering	Physical Sciences
T13341	Belt Conveyor Systems Engineering	Engineering	Physical Sciences
T10507	Biodiesel Production and Applications	Engineering	Physical Sciences
T10171	Biofuel production and bioconversion	Engineering	Physical Sciences
T13280	Biomedical and Engineering Education	Engineering	Physical Sciences
T11170	Biomimetic flight and propulsion mechanisms	Engineering	Physical Sciences
T11393	Biosensors and Analytical Detection	Engineering	Physical Sciences
T12435	Bladed Disk Vibration Dynamics	Engineering	Physical Sciences
T14456	Blasting Impact and Analysis	Engineering	Physical Sciences
T10059	Bone Tissue Engineering Materials	Engineering	Physical Sciences
T12197	Brake Systems and Friction Analysis	Engineering	Physical Sciences
T10121	Building Energy and Comfort Optimization	Engineering	Physical Sciences
T13263	Building energy efficiency and sustainability	Engineering	Physical Sciences
T11992	CCD and CMOS Imaging Sensors	Engineering	Physical Sciences
T12019	Calibration and Measurement Techniques	Engineering	Physical Sciences
T10967	Carbon Dioxide Capture Technologies	Engineering	Physical Sciences
T11351	Catalysis and Hydrodesulfurization Studies	Engineering	Physical Sciences
T11009	Catalysis for Biomass Conversion	Engineering	Physical Sciences
T11202	Cavitation Phenomena in Pumps	Engineering	Physical Sciences
T10707	Cellular and Composite Structures	Engineering	Physical Sciences
T10590	Chalcogenide Semiconductor Thin Films	Engineering	Physical Sciences
T12405	Characterization and Applications of Magnetic Nanoparticles	Engineering	Physical Sciences
T11802	Chemical Looping and Thermochemical Processes	Engineering	Physical Sciences
T14446	Civil and Geotechnical Engineering Research	Engineering	Physical Sciences
T13031	Civil and Structural Engineering Research	Engineering	Physical Sciences
T13584	Coal Combustion and Slurry Processing	Engineering	Physical Sciences
T11284	Coal Properties and Utilization	Engineering	Physical Sciences
T11619	Combustion and Detonation Processes	Engineering	Physical Sciences
T10553	Combustion and flame dynamics	Engineering	Physical Sciences
T11558	Composite Material Mechanics	Engineering	Physical Sciences
T10221	Composite Structure Analysis and Optimization	Engineering	Physical Sciences
T10173	Computational Fluid Dynamics and Aerodynamics	Engineering	Physical Sciences
T11850	Concrete Corrosion and Durability	Engineering	Physical Sciences
T12152	Concrete Properties and Behavior	Engineering	Physical Sciences
T10033	Concrete and Cement Materials Research	Engineering	Physical Sciences
T13808	Construction Engineering and Safety	Engineering	Physical Sciences
T12239	Construction Management and Sustainability	Engineering	Physical Sciences
T11236	Control Systems and Identification	Engineering	Physical Sciences
T13644	Control Systems in Engineering	Engineering	Physical Sciences
T11615	Control and Dynamics of Mobile Robots	Engineering	Physical Sciences
T12772	Control and Stability of Dynamical Systems	Engineering	Physical Sciences
T12540	Cyclone Separators and Fluid Dynamics	Engineering	Physical Sciences
T12293	Dam Engineering and Safety	Engineering	Physical Sciences
T10672	Design Education and Practice	Engineering	Physical Sciences
T11608	Dielectric materials and actuators	Engineering	Physical Sciences
T10763	Digital Transformation in Industry	Engineering	Physical Sciences
T14145	Diverse Cultural Media Analysis	Engineering	Physical Sciences
T13290	Diverse Industrial Engineering Technologies	Engineering	Physical Sciences
T13307	Diverse Scientific and Engineering Research	Engineering	Physical Sciences
T10892	Drilling and Well Engineering	Engineering	Physical Sciences
T11511	Dyeing and Modifying Textile Fibers	Engineering	Physical Sciences
T11394	Dynamics and Control of Mechanical Systems	Engineering	Physical Sciences
T14146	Earthquake and Tsunami Effects	Engineering	Physical Sciences
T11366	Elasticity and Material Modeling	Engineering	Physical Sciences
T13261	Elasticity and Wave Propagation	Engineering	Physical Sciences
T10278	Electric Motor Design and Analysis	Engineering	Physical Sciences
T10424	Electric Power System Optimization	Engineering	Physical Sciences
T13093	Electric Power Systems and Control	Engineering	Physical Sciences
T10768	Electric Vehicles and Infrastructure	Engineering	Physical Sciences
T10808	Electric and Hybrid Vehicle Technologies	Engineering	Physical Sciences
T12371	Electrical Contact Performance and Analysis	Engineering	Physical Sciences
T12737	Electrical Fault Detection and Protection	Engineering	Physical Sciences
T11778	Electrical and Bioimpedance Tomography	Engineering	Physical Sciences
T13251	Electrical and Thermal Properties of Materials	Engineering	Physical Sciences
T13429	Electricity Theft Detection Techniques	Engineering	Physical Sciences
T10212	Electrochemical sensors and biosensors	Engineering	Physical Sciences
T11200	Electrodeposition and Electroless Coatings	Engineering	Physical Sciences
T12776	Electrohydrodynamics and Fluid Dynamics	Engineering	Physical Sciences
T13046	Electrokinetic Soil Remediation Techniques	Engineering	Physical Sciences
T11851	Electromagnetic Compatibility and Measurements	Engineering	Physical Sciences
T11444	Electromagnetic Compatibility and Noise Suppression	Engineering	Physical Sciences
T13440	Electromagnetic Effects on Materials	Engineering	Physical Sciences
T12699	Electromagnetic Launch and Propulsion Technology	Engineering	Physical Sciences
T11263	Electromagnetic Simulation and Numerical Methods	Engineering	Physical Sciences
T10460	Electronic Packaging and Soldering Technologies	Engineering	Physical Sciences
T14382	Electrophoretic Deposition in Materials Science	Engineering	Physical Sciences
T12495	Electrostatic Discharge in Electronics	Engineering	Physical Sciences
T12452	Electrowetting and Microfluidic Technologies	Engineering	Physical Sciences
T14011	Elevator Systems and Control	Engineering	Physical Sciences
T13292	Embedded Systems and FPGA Applications	Engineering	Physical Sciences
T12941	Embedded Systems and FPGA Design	Engineering	Physical Sciences
T10806	Energetic Materials and Combustion	Engineering	Physical Sciences
T11392	Energy Harvesting in Wireless Networks	Engineering	Physical Sciences
T11052	Energy Load and Power Forecasting	Engineering	Physical Sciences
T13990	Engine and Fuel Emissions	Engineering	Physical Sciences
T14156	Engineering Applied Research	Engineering	Physical Sciences
T13891	Engineering Diagnostics and Reliability	Engineering	Physical Sciences
T12124	Engineering Education and Curriculum Development	Engineering	Physical Sciences
T13682	Engineering Education and Pedagogy	Engineering	Physical Sciences
T12581	Engineering Structural Analysis Methods	Engineering	Physical Sciences
T13113	Engineering Technology and Methodologies	Engineering	Physical Sciences
T13190	Engineering and Environmental Studies	Engineering	Physical Sciences
T12959	Engineering and Materials Science Studies	Engineering	Physical Sciences
T12899	Engineering and Technology Innovations	Engineering	Physical Sciences
T13293	Engineering and Test Systems	Engineering	Physical Sciences
T10491	Enhanced Oil Recovery Techniques	Engineering	Physical Sciences
T12078	Environmental remediation with nanomaterials	Engineering	Physical Sciences
T11145	Epoxy Resin Curing Processes	Engineering	Physical Sciences
T13722	Ergonomics and Human Factors	Engineering	Physical Sciences
T11500	Evacuation and Crowd Dynamics	Engineering	Physical Sciences
T14368	Evaluation and Optimization Models	Engineering	Physical Sciences
T11283	Experimental Learning in Engineering	Engineering	Physical Sciences
T14262	Extenics and Innovation Methods	Engineering	Physical Sciences
T11091	Extraction and Separation Processes	Engineering	Physical Sciences
T14083	Extremum Seeking Control Systems	Engineering	Physical Sciences
T10396	Fatigue and fracture mechanics	Engineering	Physical Sciences
T10876	Fault Detection and Control Systems	Engineering	Physical Sciences
T12808	Ferroelectric and Negative Capacitance Devices	Engineering	Physical Sciences
T11664	Fiber-reinforced polymer composites	Engineering	Physical Sciences
T12850	Field-Flow Fractionation Techniques	Engineering	Physical Sciences
T12597	Fire Detection and Safety Systems	Engineering	Physical Sciences
T11317	Fire dynamics and safety research	Engineering	Physical Sciences
T12102	Fire effects on concrete materials	Engineering	Physical Sciences
T11741	Flexible and Reconfigurable Manufacturing Systems	Engineering	Physical Sciences
T12537	Flow Measurement and Analysis	Engineering	Physical Sciences
T11694	Fluid Dynamics Simulations and Interactions	Engineering	Physical Sciences
T11382	Fluid Dynamics and Heat Transfer	Engineering	Physical Sciences
T10864	Fluid Dynamics and Mixing	Engineering	Physical Sciences
T12141	Fluid Dynamics and Thin Films	Engineering	Physical Sciences
T10360	Fluid Dynamics and Turbulent Flows	Engineering	Physical Sciences
T11254	Fluid Dynamics and Vibration Analysis	Engineering	Physical Sciences
T13951	Fluid dynamics and aerodynamics studies	Engineering	Physical Sciences
T12118	Forest Biomass Utilization and Management	Engineering	Physical Sciences
T14479	Freezing and Crystallization Processes	Engineering	Physical Sciences
T12277	Frequency Control in Power Systems	Engineering	Physical Sciences
T10409	Fuel Cells and Related Materials	Engineering	Physical Sciences
T12791	Full-Duplex Wireless Communications	Engineering	Physical Sciences
T10655	GNSS positioning and interference	Engineering	Physical Sciences
T12740	Gait Recognition and Analysis	Engineering	Physical Sciences
T10461	Gas Sensing Nanomaterials and Sensors	Engineering	Physical Sciences
T11062	Gear and Bearing Dynamics Analysis	Engineering	Physical Sciences
T13511	Geodetic Measurements and Engineering Structures	Engineering	Physical Sciences
T13772	Geomechanics and Mining Engineering	Engineering	Physical Sciences
T11609	Geophysical Methods and Applications	Engineering	Physical Sciences
T13885	Geophysics and Sensor Technology	Engineering	Physical Sciences
T14392	Geoscience and Mining Technology	Engineering	Physical Sciences
T11046	Geotechnical Engineering and Analysis	Engineering	Physical Sciences
T10233	Geotechnical Engineering and Soil Mechanics	Engineering	Physical Sciences
T11375	Geotechnical Engineering and Soil Stabilization	Engineering	Physical Sciences
T12233	Geotechnical Engineering and Underground Structures	Engineering	Physical Sciences
T13619	Geotechnical and Geomechanical Engineering	Engineering	Physical Sciences
T13941	Geotechnical and Mining Engineering	Engineering	Physical Sciences
T13236	Geotechnical and construction materials studies	Engineering	Physical Sciences
T10615	Granular flow and fluidized beds	Engineering	Physical Sciences
T12627	Graphene and Nanomaterials Applications	Engineering	Physical Sciences
T12238	Green IT and Sustainability	Engineering	Physical Sciences
T13596	Grouting, Rheology, and Soil Mechanics	Engineering	Physical Sciences
T12158	Guidance and Control Systems	Engineering	Physical Sciences
T11102	HVDC Systems and Fault Protection	Engineering	Physical Sciences
T11945	Heat Transfer Mechanisms	Engineering	Physical Sciences
T10850	Heat Transfer and Boiling Studies	Engineering	Physical Sciences
T13020	Heat Transfer and Mathematical Modeling	Engineering	Physical Sciences
T13116	Heat Transfer and Numerical Methods	Engineering	Physical Sciences
T10998	Heat Transfer and Optimization	Engineering	Physical Sciences
T12063	Heat and Mass Transfer in Porous Media	Engineering	Physical Sciences
T12567	Heat transfer and supercritical fluids	Engineering	Physical Sciences
T11143	High Entropy Alloys Studies	Engineering	Physical Sciences
T10840	High Temperature Alloys and Creep	Engineering	Physical Sciences
T10626	High-Temperature Coating Behaviors	Engineering	Physical Sciences
T14502	High-Voltage Power Transmission Systems	Engineering	Physical Sciences
T12290	Human Motion and Animation	Engineering	Physical Sciences
T13638	Human auditory perception and evaluation	Engineering	Physical Sciences
T10635	Hydraulic Fracturing and Reservoir Analysis	Engineering	Physical Sciences
T11372	Hydraulic and Pneumatic Systems	Engineering	Physical Sciences
T12022	Hydraulic flow and structures	Engineering	Physical Sciences
T10399	Hydrocarbon exploration and reservoir analysis	Engineering	Physical Sciences
T12105	Hygrothermal properties of building materials	Engineering	Physical Sciences
T11499	ICT Impact and Policies	Engineering	Physical Sciences
T10651	IPv6, Mobility, Handover, Networks, Security	Engineering	Physical Sciences
T12696	Icing and De-icing Technologies	Engineering	Physical Sciences
T13114	Image Processing Techniques and Applications	Engineering	Physical Sciences
T10326	Indoor and Outdoor Localization Technologies	Engineering	Physical Sciences
T12898	Induction Heating and Inverter Technology	Engineering	Physical Sciences
T13344	Industrial Automation and Control Systems	Engineering	Physical Sciences
T13045	Industrial Engineering and Technologies	Engineering	Physical Sciences
T12425	Industrial Gas Emission Control	Engineering	Physical Sciences
T14474	Industrial Technology and Control Systems	Engineering	Physical Sciences
T12111	Industrial Vision Systems and Defect Detection	Engineering	Physical Sciences
T14091	Industrial and Mining Safety	Engineering	Physical Sciences
T11325	Inertial Sensor and Navigation	Engineering	Physical Sciences
T12389	Infrared Target Detection Methodologies	Engineering	Physical Sciences
T11606	Infrastructure Maintenance and Monitoring	Engineering	Physical Sciences
T11807	Infrastructure Resilience and Vulnerability Analysis	Engineering	Physical Sciences
T12080	Injection Molding Process and Properties	Engineering	Physical Sciences
T12190	Innovations in Concrete and Construction Materials	Engineering	Physical Sciences
T11230	Innovative Energy Harvesting Technologies	Engineering	Physical Sciences
T11407	Innovative Microfluidic and Catalytic Techniques Innovation	Engineering	Physical Sciences
T10687	Innovative concrete reinforcement materials	Engineering	Physical Sciences
T14117	Integrated Circuits and Semiconductor Failure Analysis	Engineering	Physical Sciences
T11185	Integrated Energy Systems Optimization	Engineering	Physical Sciences
T11100	Intermetallics and Advanced Alloy Properties	Engineering	Physical Sciences
T14189	Intravenous Infusion Technology and Safety	Engineering	Physical Sciences
T12079	IoT Networks and Protocols	Engineering	Physical Sciences
T12406	IoT and GPS-based Vehicle Safety Systems	Engineering	Physical Sciences
T12222	IoT-based Smart Home Systems	Engineering	Physical Sciences
T12166	Ion-surface interactions and analysis	Engineering	Physical Sciences
T11837	Iron and Steelmaking Processes	Engineering	Physical Sciences
T13183	Islanding Detection in Power Systems	Engineering	Physical Sciences
T11749	Iterative Learning Control Systems	Engineering	Physical Sciences
T12760	Laser Design and Applications	Engineering	Physical Sciences
T10732	Laser Material Processing Techniques	Engineering	Physical Sciences
T13965	Laser and Thermal Forming Techniques	Engineering	Physical Sciences
T13232	Laser-Ablation Synthesis of Nanoparticles	Engineering	Physical Sciences
T11854	Laser-induced spectroscopy and plasma	Engineering	Physical Sciences
T11751	Lattice Boltzmann Simulation Studies	Engineering	Physical Sciences
T11208	Lignin and Wood Chemistry	Engineering	Physical Sciences
T10363	Low-power high-performance VLSI design	Engineering	Physical Sciences
T11018	Lower Extremity Biomechanics and Pathologies	Engineering	Physical Sciences
T11557	Lubricants and Their Additives	Engineering	Physical Sciences
T10220	Machine Fault Diagnosis Techniques	Engineering	Physical Sciences
T11602	Magnetic Bearings and Levitation Dynamics	Engineering	Physical Sciences
T12692	Magnetic Field Sensors Techniques	Engineering	Physical Sciences
T12510	Magneto-Optical Properties and Applications	Engineering	Physical Sciences
T11159	Manufacturing Process and Optimization	Engineering	Physical Sciences
T12071	Marine Biology and Environmental Chemistry	Engineering	Physical Sciences
T14412	Marine and Coastal Research	Engineering	Physical Sciences
T14164	Marine and Offshore Engineering Studies	Engineering	Physical Sciences
T11622	Maritime Navigation and Safety	Engineering	Physical Sciences
T11223	Maritime Ports and Logistics	Engineering	Physical Sciences
T11352	Masonry and Concrete Structural Analysis	Engineering	Physical Sciences
T12971	Material Properties and Processing	Engineering	Physical Sciences
T13685	Material Science and Thermodynamics	Engineering	Physical Sciences
T13140	Materials Engineering and Processing	Engineering	Physical Sciences
T10219	Mechanical Behavior of Composites	Engineering	Physical Sciences
T10675	Mechanical Circulatory Support Devices	Engineering	Physical Sciences
T13451	Mechanical Engineering Research and Applications	Engineering	Physical Sciences
T12907	Mechanical Engineering and Vibrations Research	Engineering	Physical Sciences
T13213	Mechanical Failure Analysis and Simulation	Engineering	Physical Sciences
T13312	Mechanical and Thermal Properties Analysis	Engineering	Physical Sciences
T12252	Mechanical stress and fatigue analysis	Engineering	Physical Sciences
T13752	Mechanics and Biomechanics Studies	Engineering	Physical Sciences
T13827	Mechatronics Education and Applications	Engineering	Physical Sciences
T14510	Medical Imaging and Analysis	Engineering	Physical Sciences
T11362	Membrane Separation and Gas Transport	Engineering	Physical Sciences
T12074	Membrane-based Ion Separation Techniques	Engineering	Physical Sciences
T11073	Metal Extraction and Bioleaching	Engineering	Physical Sciences
T10700	Metal Forming Simulation Techniques	Engineering	Physical Sciences
T10377	Metal and Thin Film Mechanics	Engineering	Physical Sciences
T10633	Metallic Glasses and Amorphous Alloys	Engineering	Physical Sciences
T11126	Metallurgical Processes and Thermodynamics	Engineering	Physical Sciences
T11201	Metallurgy and Material Forming	Engineering	Physical Sciences
T11255	Microfluidic and Bio-sensing Technologies	Engineering	Physical Sciences
T10412	Microfluidic and Capillary Electrophoresis Applications	Engineering	Physical Sciences
T10223	Microgrid Control and Optimization	Engineering	Physical Sciences
T10386	Microstructure and Mechanical Properties of Steels	Engineering	Physical Sciences
T12155	Microwave Dielectric Ceramics Synthesis	Engineering	Physical Sciences
T10262	Microwave Engineering and Waveguides	Engineering	Physical Sciences
T11739	Microwave Imaging and Scattering Analysis	Engineering	Physical Sciences
T11607	Microwave and Dielectric Measurement Techniques	Engineering	Physical Sciences
T13371	Military Defense Systems Analysis	Engineering	Physical Sciences
T12888	Military Strategy and Technology	Engineering	Physical Sciences
T14423	Military Technology and Strategies	Engineering	Physical Sciences
T10936	Millimeter-Wave Propagation and Modeling	Engineering	Physical Sciences
T12282	Mineral Processing and Grinding	Engineering	Physical Sciences
T13065	Mining Techniques and Economics	Engineering	Physical Sciences
T13094	Mining and Gasification Technologies	Engineering	Physical Sciences
T11933	Mining and Resource Management	Engineering	Physical Sciences
T12784	Modular Robots and Swarm Intelligence	Engineering	Physical Sciences
T13052	Molecular Communication and Nanonetworks	Engineering	Physical Sciences
T10913	Molecular Junctions and Nanostructures	Engineering	Physical Sciences
T10228	Multilevel Inverters and Converters	Engineering	Physical Sciences
T12579	Muon and positron interactions and applications	Engineering	Physical Sciences
T10784	Muscle activation and electromyography studies	Engineering	Physical Sciences
T12224	Nanofabrication and Lithography Techniques	Engineering	Physical Sciences
T10104	Nanofluid Flow and Heat Transfer	Engineering	Physical Sciences
T11523	Nanomaterials and Printing Technologies	Engineering	Physical Sciences
T10782	Nanoplatforms for cancer theranostics	Engineering	Physical Sciences
T11582	Nanopore and Nanochannel Transport Studies	Engineering	Physical Sciences
T14089	Nanotechnology research and applications	Engineering	Physical Sciences
T11272	Nanowire Synthesis and Applications	Engineering	Physical Sciences
T12466	Near-Field Optical Microscopy	Engineering	Physical Sciences
T12169	Non-Destructive Testing Techniques	Engineering	Physical Sciences
T11196	Non-Invasive Vital Sign Monitoring	Engineering	Physical Sciences
T11788	Nonlinear Optical Materials Studies	Engineering	Physical Sciences
T12560	Nuclear Engineering Thermal-Hydraulics	Engineering	Physical Sciences
T13923	Nuclear and radioactivity studies	Engineering	Physical Sciences
T10597	Nuclear reactor physics and engineering	Engineering	Physical Sciences
T10514	Numerical methods in engineering	Engineering	Physical Sciences
T13925	Offshore Engineering and Technologies	Engineering	Physical Sciences
T13050	Oil and Gas Production Techniques	Engineering	Physical Sciences
T11569	Optical Coherence Tomography Applications	Engineering	Physical Sciences
T10232	Optical Network Technologies	Engineering	Physical Sciences
T12050	Optical Polarization and Ellipsometry	Engineering	Physical Sciences
T14158	Optical Systems and Laser Technology	Engineering	Physical Sciences
T10851	Optical Wireless Communication Technologies	Engineering	Physical Sciences
T10454	Optimal Power Flow Distribution	Engineering	Physical Sciences
T12709	Optimization and Mathematical Programming	Engineering	Physical Sciences
T12176	Optimization and Packing Problems	Engineering	Physical Sciences
T10045	Organic Electronics and Photovoltaics	Engineering	Physical Sciences
T10611	Organic Light-Emitting Diodes Research	Engineering	Physical Sciences
T11873	PAPR reduction in OFDM	Engineering	Physical Sciences
T10559	Particle Accelerators and Free-Electron Lasers	Engineering	Physical Sciences
T12350	Particle Dynamics in Fluid Flows	Engineering	Physical Sciences
T11367	Particle accelerators and beam dynamics	Engineering	Physical Sciences
T10247	Perovskite Materials and Applications	Engineering	Physical Sciences
T10938	Phase Change Materials Research	Engineering	Physical Sciences
T10402	Phase Equilibria and Thermodynamics	Engineering	Physical Sciences
T12015	Photoacoustic and Ultrasonic Imaging	Engineering	Physical Sciences
T13418	Photocathodes and Microchannel Plates	Engineering	Physical Sciences
T10846	Photonic Crystal and Fiber Optics	Engineering	Physical Sciences
T10299	Photonic and Optical Devices	Engineering	Physical Sciences
T12565	Physics and Engineering Research Articles	Engineering	Physical Sciences
T11525	Piezoelectric Actuators and Control	Engineering	Physical Sciences
T10781	Plasma Diagnostics and Applications	Engineering	Physical Sciences
T12007	Plasma and Flow Control in Aerodynamics	Engineering	Physical Sciences
T10295	Plasmonic and Surface Plasmon Research	Engineering	Physical Sciences
T14454	Polymer Science and Applications	Engineering	Physical Sciences
T12642	Polymer-Based Agricultural Enhancements	Engineering	Physical Sciences
T12932	Powder Metallurgy Techniques and Materials	Engineering	Physical Sciences
T12146	Power Line Communications and Noise	Engineering	Physical Sciences
T13715	Power Line Inspection Robots	Engineering	Physical Sciences
T10573	Power Quality and Harmonics	Engineering	Physical Sciences
T10305	Power System Optimization and Stability	Engineering	Physical Sciences
T11941	Power System Reliability and Maintenance	Engineering	Physical Sciences
T10972	Power Systems Fault Detection	Engineering	Physical Sciences
T14276	Power Systems and Technologies	Engineering	Physical Sciences
T11343	Power Transformer Diagnostics and Insulation	Engineering	Physical Sciences
T11053	Process Optimization and Integration	Engineering	Physical Sciences
T11023	Prosthetics and Rehabilitation Robotics	Engineering	Physical Sciences
T11920	Pulsed Power Technology Applications	Engineering	Physical Sciences
T10986	RFID technology advancements	Engineering	Physical Sciences
T10891	Radar Systems and Signal Processing	Engineering	Physical Sciences
T11005	Radiation Effects in Electronics	Engineering	Physical Sciences
T12304	Radiative Heat Transfer Studies	Engineering	Physical Sciences
T10187	Radio Frequency Integrated Circuit Design	Engineering	Physical Sciences
T13121	Radio Wave Propagation Studies	Engineering	Physical Sciences
T10842	Railway Engineering and Dynamics	Engineering	Physical Sciences
T11568	Railway Systems and Energy Efficiency	Engineering	Physical Sciences
T14204	Railway Systems and Materials Science	Engineering	Physical Sciences
T13640	Ranque-Hilsch vortex tube	Engineering	Physical Sciences
T14390	Real estate and construction management	Engineering	Physical Sciences
T12810	Real-time simulation and control systems	Engineering	Physical Sciences
T11847	Recycled Aggregate Concrete Performance	Engineering	Physical Sciences
T11672	Recycling and utilization of industrial and municipal waste in materials production	Engineering	Physical Sciences
T11529	Refrigeration and Air Conditioning Technologies	Engineering	Physical Sciences
T10780	Reliability and Maintenance Optimization	Engineering	Physical Sciences
T10689	Remote-Sensing Image Classification	Engineering	Physical Sciences
T11801	Reservoir Engineering and Simulation Methods	Engineering	Physical Sciences
T10653	Robot Manipulation and Learning	Engineering	Physical Sciences
T10879	Robotic Locomotion and Control	Engineering	Physical Sciences
T10571	Robotic Mechanisms and Dynamics	Engineering	Physical Sciences
T13287	Robotic Process Automation Applications	Engineering	Physical Sciences
T13382	Robotics and Automated Systems	Engineering	Physical Sciences
T10191	Robotics and Sensor-Based Localization	Engineering	Physical Sciences
T10161	Rock Mechanics and Modeling	Engineering	Physical Sciences
T12513	Rocket and propulsion systems research	Engineering	Physical Sciences
T13820	SAS software applications and methods	Engineering	Physical Sciences
T13295	Safety Systems Engineering in Autonomy	Engineering	Physical Sciences
T12042	Satellite Communication Systems	Engineering	Physical Sciences
T12983	Satellite Image Processing and Photogrammetry	Engineering	Physical Sciences
T10551	Scheduling and Optimization Algorithms	Engineering	Physical Sciences
T10160	Seismic Performance and Analysis	Engineering	Physical Sciences
T13852	Seismic and Structural Analysis of Tall Buildings	Engineering	Physical Sciences
T11429	Semiconductor Lasers and Optical Devices	Engineering	Physical Sciences
T10472	Semiconductor materials and devices	Engineering	Physical Sciences
T10504	Sensorless Control of Electric Motors	Engineering	Physical Sciences
T11604	Ship Hydrodynamics and Maneuverability	Engineering	Physical Sciences
T10361	Silicon Carbide Semiconductor Technologies	Engineering	Physical Sciences
T10624	Silicon and Solar Cell Technologies	Engineering	Physical Sciences
T14270	Simulation and Modeling Applications	Engineering	Physical Sciences
T13362	Slime Mold and Myxomycetes Research	Engineering	Physical Sciences
T11479	Smart Cities and Technologies	Engineering	Physical Sciences
T10603	Smart Grid Energy Management	Engineering	Physical Sciences
T10917	Smart Grid Security and Resilience	Engineering	Physical Sciences
T12451	Smart Grid and Power Systems	Engineering	Physical Sciences
T12546	Smart Parking Systems Research	Engineering	Physical Sciences
T10868	Soft Robotics and Applications	Engineering	Physical Sciences
T11978	Soil Mechanics and Vehicle Dynamics	Engineering	Physical Sciences
T10716	Soil and Unsaturated Flow	Engineering	Physical Sciences
T13862	Soil, Finite Element Methods	Engineering	Physical Sciences
T13298	Solar Energy Systems and Technologies	Engineering	Physical Sciences
T11127	Solid State Laser Technologies	Engineering	Physical Sciences
T14214	Space Exploration and Technology	Engineering	Physical Sciences
T11701	Space Satellite Systems and Control	Engineering	Physical Sciences
T13436	Space Technology and Applications	Engineering	Physical Sciences
T12449	Spacecraft Design and Technology	Engineering	Physical Sciences
T11082	Spacecraft Dynamics and Control	Engineering	Physical Sciences
T13200	Spacecraft and Cryogenic Technologies	Engineering	Physical Sciences
T10500	Sparse and Compressive Sensing Techniques	Engineering	Physical Sciences
T11904	Spatial Cognition and Navigation	Engineering	Physical Sciences
T12677	Sports Dynamics and Biomechanics	Engineering	Physical Sciences
T10046	Stability and Control of Uncertain Systems	Engineering	Physical Sciences
T11110	Stability and Controllability of Differential Equations	Engineering	Physical Sciences
T13578	Stonefly species taxonomy and ecology	Engineering	Physical Sciences
T11870	Structural Analysis and Optimization	Engineering	Physical Sciences
T12897	Structural Analysis of Composite Materials	Engineering	Physical Sciences
T10479	Structural Behavior of Reinforced Concrete	Engineering	Physical Sciences
T12940	Structural Engineering and Materials Analysis	Engineering	Physical Sciences
T12487	Structural Engineering and Vibration Analysis	Engineering	Physical Sciences
T10534	Structural Health Monitoring Techniques	Engineering	Physical Sciences
T12086	Structural Integrity and Reliability Analysis	Engineering	Physical Sciences
T10713	Structural Load-Bearing Analysis	Engineering	Physical Sciences
T11874	Structural Response to Dynamic Loads	Engineering	Physical Sciences
T12706	Subcritical and Supercritical Water Processes	Engineering	Physical Sciences
T11808	Superconducting Materials and Applications	Engineering	Physical Sciences
T12285	Surface Chemistry and Catalysis	Engineering	Physical Sciences
T13049	Surface Roughness and Optical Measurements	Engineering	Physical Sciences
T13470	Surface Treatment and Coatings	Engineering	Physical Sciences
T12106	Surface Treatment and Residual Stress	Engineering	Physical Sciences
T11988	Sustainable Building Design and Assessment	Engineering	Physical Sciences
T13477	Sustainable Design and Development	Engineering	Physical Sciences
T12746	Sustainable Industrial Ecology	Engineering	Physical Sciences
T10801	Synthetic Aperture Radar (SAR) Applications and Techniques	Engineering	Physical Sciences
T12000	Systems Engineering Methodologies and Applications	Engineering	Physical Sciences
T12865	Tailings Management and Properties	Engineering	Physical Sciences
T13858	Technical Engine Diagnostics and Monitoring	Engineering	Physical Sciences
T14306	Technology Assessment and Management	Engineering	Physical Sciences
T13905	Telecommunications and Broadcasting Technologies	Engineering	Physical Sciences
T11687	Teleoperation and Haptic Systems	Engineering	Physical Sciences
T10752	Terahertz technology and applications	Engineering	Physical Sciences
T12804	Thermal Analysis in Power Transmission	Engineering	Physical Sciences
T12442	Thermal Radiation and Cooling Technologies	Engineering	Physical Sciences
T10088	Thermochemical Biomass Conversion Processes	Engineering	Physical Sciences
T10568	Thermodynamic and Exergetic Analyses of Power and Cooling Systems	Engineering	Physical Sciences
T13645	Thermodynamic and Structural Properties of Metals and Alloys	Engineering	Physical Sciences
T11565	Thermoelastic and Magnetoelastic Phenomena	Engineering	Physical Sciences
T11856	Thermography and Photoacoustic Techniques	Engineering	Physical Sciences
T10623	Thin-Film Transistor Technologies	Engineering	Physical Sciences
T11115	Topology Optimization in Engineering	Engineering	Physical Sciences
T11344	Traffic Prediction and Management Techniques	Engineering	Physical Sciences
T10370	Traffic and Road Safety	Engineering	Physical Sciences
T10524	Traffic control and management	Engineering	Physical Sciences
T14304	Transport Systems and Technology	Engineering	Physical Sciences
T12984	Transport and Logistics Innovations	Engineering	Physical Sciences
T14445	Transportation Safety and Impact Analysis	Engineering	Physical Sciences
T13527	Transportation Systems and Logistics	Engineering	Physical Sciences
T11942	Transportation and Mobility Innovations	Engineering	Physical Sciences
T12729	Tree Root and Stability Studies	Engineering	Physical Sciences
T11138	Tribology and Lubrication Engineering	Engineering	Physical Sciences
T12362	Tribology and Wear Analysis	Engineering	Physical Sciences
T12482	Tunneling and Rock Mechanics	Engineering	Physical Sciences
T10944	Turbomachinery Performance and Optimization	Engineering	Physical Sciences
T11133	UAV Applications and Optimization	Engineering	Physical Sciences
T12024	Ultra-Wideband Communications Technology	Engineering	Physical Sciences
T10662	Ultrasonics and Acoustic Wave Propagation	Engineering	Physical Sciences
T10958	Ultrasound and Hyperthermia Applications	Engineering	Physical Sciences
T13689	Underground infrastructure and sustainability	Engineering	Physical Sciences
T11192	Underwater Vehicles and Communication Systems	Engineering	Physical Sciences
T12325	Urban Design and Spatial Analysis	Engineering	Physical Sciences
T13601	Urban Transport Systems Analysis	Engineering	Physical Sciences
T12306	Urban and Freight Transport Logistics	Engineering	Physical Sciences
T11522	VLSI and FPGA Design Techniques	Engineering	Physical Sciences
T10805	Vehicle Dynamics and Control Systems	Engineering	Physical Sciences
T12707	Vehicle License Plate Recognition	Engineering	Physical Sciences
T12759	Vehicle Noise and Vibration Control	Engineering	Physical Sciences
T10567	Vehicle Routing Optimization Methods	Engineering	Physical Sciences
T12095	Vehicle emissions and performance	Engineering	Physical Sciences
T10761	Vehicular Ad Hoc Networks (VANETs)	Engineering	Physical Sciences
T10690	Vibration Control and Rheological Fluids	Engineering	Physical Sciences
T12206	Vibration and Dynamic Analysis	Engineering	Physical Sciences
T13790	Waste Management and Environmental Impact	Engineering	Physical Sciences
T11220	Water Systems and Optimization	Engineering	Physical Sciences
T14252	Water and Wastewater Treatment	Engineering	Physical Sciences
T10969	Water resources management and optimization	Engineering	Physical Sciences
T11250	Wave and Wind Energy Systems	Engineering	Physical Sciences
T10834	Welding Techniques and Residual Stresses	Engineering	Physical Sciences
T14359	Wetland Management and Conservation	Engineering	Physical Sciences
T10680	Wind Energy Research and Development	Engineering	Physical Sciences
T10740	Wind Turbine Control Systems	Engineering	Physical Sciences
T11932	Wireless Body Area Networks	Engineering	Physical Sciences
T10964	Wireless Communication Security Techniques	Engineering	Physical Sciences
T11249	Wireless Power Transfer Systems	Engineering	Physical Sciences
T13535	Wireless Sensor Networks and IoT	Engineering	Physical Sciences
T10484	Wood Treatment and Properties	Engineering	Physical Sciences
T11797	graph theory and CDMA systems	Engineering	Physical Sciences
T12309	solar cell performance optimization	Engineering	Physical Sciences
T14279	Academic Research and Education Studies	Environmental Science	Physical Sciences
T10016	Adsorption and biosorption for pollutant removal	Environmental Science	Physical Sciences
T11524	Advanced Aircraft Design and Technologies	Environmental Science	Physical Sciences
T13592	Advanced Scientific Techniques and Applications	Environmental Science	Physical Sciences
T10210	Advanced oxidation water treatment	Environmental Science	Physical Sciences
T13732	Aerospace, Electronics, Mathematical Modeling	Environmental Science	Physical Sciences
T11259	Agriculture Sustainability and Environmental Impact	Environmental Science	Physical Sciences
T14323	Agriculture, Water, and Health	Environmental Science	Physical Sciences
T12120	Air Quality Monitoring and Forecasting	Environmental Science	Physical Sciences
T10190	Air Quality and Health Impacts	Environmental Science	Physical Sciences
T12837	American Environmental and Regional History	Environmental Science	Physical Sciences
T10332	Amphibian and Reptile Biology	Environmental Science	Physical Sciences
T13244	Analysis of environmental and stochastic processes	Environmental Science	Physical Sciences
T11913	Animal Ecology and Behavior Studies	Environmental Science	Physical Sciences
T13490	Aquatic Ecosystems and Biodiversity	Environmental Science	Physical Sciences
T10236	Aquatic Ecosystems and Phytoplankton Dynamics	Environmental Science	Physical Sciences
T12097	Aquatic Invertebrate Ecology and Behavior	Environmental Science	Physical Sciences
T10710	Arsenic contamination and mitigation	Environmental Science	Physical Sciences
T10347	Atmospheric aerosols and clouds	Environmental Science	Physical Sciences
T11588	Atmospheric and Environmental Gas Dynamics	Environmental Science	Physical Sciences
T10089	Avian ecology and behavior	Environmental Science	Physical Sciences
T11048	Bacteriophages and microbial interactions	Environmental Science	Physical Sciences
T12922	Business and Economic Development	Environmental Science	Physical Sciences
T11302	CO2 Sequestration and Geologic Interactions	Environmental Science	Physical Sciences
T12916	COVID-19 impact on air quality	Environmental Science	Physical Sciences
T13563	Chemical Analysis and Environmental Impact	Environmental Science	Physical Sciences
T12524	Chemical Synthesis and Characterization	Environmental Science	Physical Sciences
T13180	Chemistry and Chemical Engineering	Environmental Science	Physical Sciences
T11972	Chromium effects and bioremediation	Environmental Science	Physical Sciences
T13530	Climate Change and Environmental Impact	Environmental Science	Physical Sciences
T12615	Climate Change and Geoengineering	Environmental Science	Physical Sciences
T11244	Climate Change and Health Impacts	Environmental Science	Physical Sciences
T14296	Climate Change and Sustainable Development	Environmental Science	Physical Sciences
T10029	Climate variability and models	Environmental Science	Physical Sciences
T11188	Coagulation and Flocculation Studies	Environmental Science	Physical Sciences
T14408	Coastal Management and Development	Environmental Science	Physical Sciences
T12414	Coastal and Marine Management	Environmental Science	Physical Sciences
T10779	Coastal wetland ecosystem dynamics	Environmental Science	Physical Sciences
T10319	Conservation, Biodiversity, and Resource Management	Environmental Science	Physical Sciences
T13967	Conservation, Ecology, Wildlife Education	Environmental Science	Physical Sciences
T11624	Constructed Wetlands for Wastewater Treatment	Environmental Science	Physical Sciences
T10341	Coral and Marine Ecosystems Studies	Environmental Science	Physical Sciences
T11004	Crustacean biology and ecology	Environmental Science	Physical Sciences
T13318	Diverse Scientific Research in Ukraine	Environmental Science	Physical Sciences
T10005	Ecology and Vegetation Dynamics Studies	Environmental Science	Physical Sciences
T14039	Ecology and biodiversity studies	Environmental Science	Physical Sciences
T13394	Ecology, Conservation, and Geographical Studies	Environmental Science	Physical Sciences
T13377	Ecosystem dynamics and resilience	Environmental Science	Physical Sciences
T14341	Education, Technology, and Ethics	Environmental Science	Physical Sciences
T12705	Educational Reforms and Innovations	Environmental Science	Physical Sciences
T10686	Effects and risks of endocrine disrupting chemicals	Environmental Science	Physical Sciences
T11336	Energy and Environment Impacts	Environmental Science	Physical Sciences
T13203	Environmental Changes in China	Environmental Science	Physical Sciences
T13092	Environmental Chemistry and Analysis	Environmental Science	Physical Sciences
T13438	Environmental Conservation and Management	Environmental Science	Physical Sciences
T12640	Environmental DNA in Biodiversity Studies	Environmental Science	Physical Sciences
T10898	Environmental Education and Sustainability	Environmental Science	Physical Sciences
T10435	Environmental Impact and Sustainability	Environmental Science	Physical Sciences
T12819	Environmental Philosophy and Ethics	Environmental Science	Physical Sciences
T13916	Environmental Policies and Emissions	Environmental Science	Physical Sciences
T13909	Environmental Quality and Pollution	Environmental Science	Physical Sciences
T14178	Environmental Science and Water Management	Environmental Science	Physical Sciences
T12165	Environmental Sustainability and Education	Environmental Science	Physical Sciences
T13432	Environmental Sustainability and Technology	Environmental Science	Physical Sciences
T10447	Environmental Toxicology and Ecotoxicology	Environmental Science	Physical Sciences
T14157	Environmental and Agricultural Sciences	Environmental Science	Physical Sciences
T13148	Environmental and Air Quality Management	Environmental Science	Physical Sciences
T13793	Environmental and Analytical Chemistry Studies	Environmental Science	Physical Sciences
T14372	Environmental and Biological Research in Conflict Zones	Environmental Science	Physical Sciences
T14472	Environmental and Cultural Studies in Latin America and Beyond	Environmental Science	Physical Sciences
T13517	Environmental and Industrial Safety	Environmental Science	Physical Sciences
T14106	Environmental and Sediment Control	Environmental Science	Physical Sciences
T12227	Environmental and Social Impact Assessments	Environmental Science	Physical Sciences
T13548	Environmental and biological studies	Environmental Science	Physical Sciences
T13557	Environmental and sustainability education	Environmental Science	Physical Sciences
T12092	Erosion and Abrasive Machining	Environmental Science	Physical Sciences
T13955	Evaluation Methods in Various Fields	Environmental Science	Physical Sciences
T11331	Fecal contamination and water quality	Environmental Science	Physical Sciences
T13760	Finance, Taxation, and Governance	Environmental Science	Physical Sciences
T10555	Fire effects on ecosystems	Environmental Science	Physical Sciences
T10302	Fish Ecology and Management Studies	Environmental Science	Physical Sciences
T12014	Fish biology, ecology, and behavior	Environmental Science	Physical Sciences
T10930	Flood Risk Assessment and Management	Environmental Science	Physical Sciences
T11969	Fluoride Effects and Removal	Environmental Science	Physical Sciences
T11691	Forest Insect Ecology and Management	Environmental Science	Physical Sciences
T11753	Forest Management and Policy	Environmental Science	Physical Sciences
T11880	Forest ecology and management	Environmental Science	Physical Sciences
T10669	Freshwater macroinvertebrate diversity and ecology	Environmental Science	Physical Sciences
T12577	Geography and Environmental Studies	Environmental Science	Physical Sciences
T12543	Groundwater and Watershed Analysis	Environmental Science	Physical Sciences
T10894	Groundwater flow and contamination studies	Environmental Science	Physical Sciences
T14393	Health, Environment, Cognitive Aging	Environmental Science	Physical Sciences
T10790	Heavy Metal Exposure and Toxicity	Environmental Science	Physical Sciences
T12780	Heavy Metal Pollution Remediation	Environmental Science	Physical Sciences
T10139	Heavy metals in environment	Environmental Science	Physical Sciences
T11490	Hydrological Forecasting Using AI	Environmental Science	Physical Sciences
T11186	Hydrology and Drought Analysis	Environmental Science	Physical Sciences
T10577	Hydrology and Sediment Transport Processes	Environmental Science	Physical Sciences
T10330	Hydrology and Watershed Management Studies	Environmental Science	Physical Sciences
T11387	Ichthyology and Marine Biology	Environmental Science	Physical Sciences
T11963	Impact of Light on Environment and Health	Environmental Science	Physical Sciences
T11002	Indoor Air Quality and Microbial Exposure	Environmental Science	Physical Sciences
T14324	Insects and Parasite Interactions	Environmental Science	Physical Sciences
T13375	Integrated Water Resources Management	Environmental Science	Physical Sciences
T13756	International Environmental Law and Policies	Environmental Science	Physical Sciences
T12652	International Maritime Law Issues	Environmental Science	Physical Sciences
T12073	Isotope Analysis in Ecology	Environmental Science	Physical Sciences
T13729	Korean Urban and Social Studies	Environmental Science	Physical Sciences
T10226	Land Use and Ecosystem Services	Environmental Science	Physical Sciences
T11952	Landfill Environmental Impact Studies	Environmental Science	Physical Sciences
T10535	Landslides and related hazards	Environmental Science	Physical Sciences
T13507	Literature, Politics, and Exile Studies	Environmental Science	Physical Sciences
T11088	Marine Bivalve and Aquaculture Studies	Environmental Science	Physical Sciences
T12213	Marine Ecology and Invasive Species	Environmental Science	Physical Sciences
T11985	Marine Toxins and Detection Methods	Environmental Science	Physical Sciences
T13485	Marine and Coastal Ecosystems	Environmental Science	Physical Sciences
T10230	Marine and fisheries research	Environmental Science	Physical Sciences
T10659	Marine animal studies overview	Environmental Science	Physical Sciences
T12126	Maritime Transport Emissions and Efficiency	Environmental Science	Physical Sciences
T10197	Membrane Separation Technologies	Environmental Science	Physical Sciences
T10819	Mercury impact and mitigation studies	Environmental Science	Physical Sciences
T10995	Methane Hydrates and Related Phenomena	Environmental Science	Physical Sciences
T14452	Mexican Socioeconomic and Environmental Dynamics	Environmental Science	Physical Sciences
T12247	Microbial Applications in Construction Materials	Environmental Science	Physical Sciences
T11791	Microbial Community Ecology and Physiology	Environmental Science	Physical Sciences
T11231	Microbial Fuel Cells and Bioremediation	Environmental Science	Physical Sciences
T10324	Microbial bioremediation and biosurfactants	Environmental Science	Physical Sciences
T10753	Microplastics and Plastic Pollution	Environmental Science	Physical Sciences
T11923	Mine drainage and remediation techniques	Environmental Science	Physical Sciences
T11401	Minerals Flotation and Separation Techniques	Environmental Science	Physical Sciences
T11108	Municipal Solid Waste Management	Environmental Science	Physical Sciences
T12703	Oil Palm Production and Sustainability	Environmental Science	Physical Sciences
T12316	Oil Spill Detection and Mitigation	Environmental Science	Physical Sciences
T10815	Parasite Biology and Host Interactions	Environmental Science	Physical Sciences
T12091	Peatlands and Wetlands Ecology	Environmental Science	Physical Sciences
T11869	Per- and polyfluoroalkyl substances research	Environmental Science	Physical Sciences
T11180	Pesticide and Herbicide Environmental Studies	Environmental Science	Physical Sciences
T10419	Pharmaceutical and Antibiotic Environmental Impacts	Environmental Science	Physical Sciences
T12186	Phosphorus and nutrient management	Environmental Science	Physical Sciences
T12838	Photovoltaic Systems and Sustainability	Environmental Science	Physical Sciences
T13804	Physical Activity and Education Research	Environmental Science	Physical Sciences
T11056	Physiological and biochemical adaptations	Environmental Science	Physical Sciences
T14468	Plant Ecology and Soil Science	Environmental Science	Physical Sciences
T10266	Plant Water Relations and Carbon Dynamics	Environmental Science	Physical Sciences
T12180	Polar Research and Ecology	Environmental Science	Physical Sciences
T14169	Public Health and Environmental Issues	Environmental Science	Physical Sciences
T11089	Radioactive contamination and transfer	Environmental Science	Physical Sciences
T12467	Rangeland Management and Livestock Ecology	Environmental Science	Physical Sciences
T13388	Rangeland and Wildlife Management	Environmental Science	Physical Sciences
T12017	Recycling and Waste Management Techniques	Environmental Science	Physical Sciences
T11164	Remote Sensing and LiDAR Applications	Environmental Science	Physical Sciences
T10111	Remote Sensing in Agriculture	Environmental Science	Physical Sciences
T13882	Research studies in Vietnam	Environmental Science	Physical Sciences
T12348	Rural Development and Agriculture	Environmental Science	Physical Sciences
T14329	Science and Climate Studies	Environmental Science	Physical Sciences
T14069	Scientific Research Methodologies and Applications	Environmental Science	Physical Sciences
T13997	Scientific Research and Studies	Environmental Science	Physical Sciences
T12870	Seedling growth and survival studies	Environmental Science	Physical Sciences
T12682	Smart Materials for Construction	Environmental Science	Physical Sciences
T14019	Socioeconomic and Demographic Analysis	Environmental Science	Physical Sciences
T10770	Soil Geostatistics and Mapping	Environmental Science	Physical Sciences
T11312	Soil Moisture and Remote Sensing	Environmental Science	Physical Sciences
T13058	Soil and Land Suitability Analysis	Environmental Science	Physical Sciences
T11311	Soil and Water Nutrient Dynamics	Environmental Science	Physical Sciences
T10895	Species Distribution and Climate Change	Environmental Science	Physical Sciences
T10119	Sustainability and Climate Change Governance	Environmental Science	Physical Sciences
T12643	Sustainability and Ecological Systems Analysis	Environmental Science	Physical Sciences
T13663	Sustainability, Environment, and Optimization Algorithms	Environmental Science	Physical Sciences
T12896	Sustainable Agricultural Systems Analysis	Environmental Science	Physical Sciences
T12883	Sustainable Development and Environmental Management	Environmental Science	Physical Sciences
T12013	Sustainable Development and Environmental Policy	Environmental Science	Physical Sciences
T13893	Sustainable Development and Policies	Environmental Science	Physical Sciences
T14120	Thallium and Germanium Studies	Environmental Science	Physical Sciences
T10122	Toxic Organic Pollutants Impact	Environmental Science	Physical Sciences
T12822	Turfgrass Adaptation and Management	Environmental Science	Physical Sciences
T11656	Turtle Biology and Conservation	Environmental Science	Physical Sciences
T13424	Ukraine: War, Education, Health	Environmental Science	Physical Sciences
T13801	Urban Arborization and Environmental Studies	Environmental Science	Physical Sciences
T10692	Urban Green Space and Health	Environmental Science	Physical Sciences
T10766	Urban Heat Island Mitigation	Environmental Science	Physical Sciences
T13654	Urban Planning and Landscape Design	Environmental Science	Physical Sciences
T13920	Urban Planning and Valuation	Environmental Science	Physical Sciences
T11119	Urban Stormwater Management Solutions	Environmental Science	Physical Sciences
T11955	Urban and spatial planning	Environmental Science	Physical Sciences
T14179	Waste Management and Recycling	Environmental Science	Physical Sciences
T10564	Wastewater Treatment and Nitrogen Removal	Environmental Science	Physical Sciences
T11781	Wastewater Treatment and Reuse	Environmental Science	Physical Sciences
T12697	Water Quality Monitoring Technologies	Environmental Science	Physical Sciences
T14249	Water Quality Monitoring and Analysis	Environmental Science	Physical Sciences
T11634	Water Quality and Pollution Assessment	Environmental Science	Physical Sciences
T12773	Water Quality and Resources Studies	Environmental Science	Physical Sciences
T14232	Water Resource Management and Quality	Environmental Science	Physical Sciences
T14177	Water Resources and Management	Environmental Science	Physical Sciences
T12911	Water Resources and Sustainability	Environmental Science	Physical Sciences
T11493	Water Treatment and Disinfection	Environmental Science	Physical Sciences
T13082	Water and Land Management	Environmental Science	Physical Sciences
T12724	Water-Energy-Food Nexus Studies	Environmental Science	Physical Sciences
T13933	Whitehead's Philosophy and Applications	Environmental Science	Physical Sciences
T12965	Wildlife Conservation and Criminology Analyses	Environmental Science	Physical Sciences
T10199	Wildlife Ecology and Conservation	Environmental Science	Physical Sciences
T12644	Wildlife-Road Interactions and Conservation	Environmental Science	Physical Sciences
T11371	Wind and Air Flow Studies	Environmental Science	Physical Sciences
T10275	2D Materials and Applications	Materials Science	Physical Sciences
T10610	Advanced Cellulose Research Studies	Materials Science	Physical Sciences
T13889	Advanced Materials and Semiconductor Technologies	Materials Science	Physical Sciences
T12302	Advanced Nanomaterials in Catalysis	Materials Science	Physical Sciences
T10440	Advanced Thermoelectric Materials and Devices	Materials Science	Physical Sciences
T10132	Advanced ceramic materials synthesis	Materials Science	Physical Sciences
T10311	Advancements in Solid Oxide Fuel Cells	Materials Science	Physical Sciences
T12340	Anodic Oxide Films and Nanostructures	Materials Science	Physical Sciences
T11471	Block Copolymer Self-Assembly	Materials Science	Physical Sciences
T11341	Boron and Carbon Nanomaterials Research	Materials Science	Physical Sciences
T11278	Calcium Carbonate Crystallization and Inhibition	Materials Science	Physical Sciences
T10074	Carbon Nanotubes in Composites	Materials Science	Physical Sciences
T11342	Carbon and Quantum Dots Applications	Materials Science	Physical Sciences
T10192	Catalytic Processes in Materials Science	Materials Science	Physical Sciences
T13104	Chemical and Physical Properties of Materials	Materials Science	Physical Sciences
T11852	Clay minerals and soil interactions	Materials Science	Physical Sciences
T12085	Collagen: Extraction and Characterization	Materials Science	Physical Sciences
T10660	Conducting polymers and applications	Materials Science	Physical Sciences
T11661	Copper Interconnects and Reliability	Materials Science	Physical Sciences
T11907	Copper-based nanomaterials and applications	Materials Science	Physical Sciences
T10310	Corrosion Behavior and Inhibition	Materials Science	Physical Sciences
T12038	Covalent Organic Framework Applications	Materials Science	Physical Sciences
T10939	Crystal Structures and Properties	Materials Science	Physical Sciences
T11881	Crystallization and Solubility Studies	Materials Science	Physical Sciences
T11686	Dendrimers and Hyperbranched Polymers	Materials Science	Physical Sciences
T10478	Diamond and Carbon-based Materials Research	Materials Science	Physical Sciences
T12012	Diatoms and Algae Research	Materials Science	Physical Sciences
T13249	Dielectric properties of ceramics	Materials Science	Physical Sciences
T11224	Electromagnetic wave absorption materials	Materials Science	Physical Sciences
T12039	Electron and X-Ray Spectroscopy Techniques	Materials Science	Physical Sciences
T12588	Electronic and Structural Properties of Oxides	Materials Science	Physical Sciences
T10729	Electrospun Nanofibers in Biomedical Applications	Materials Science	Physical Sciences
T13917	Engineering and Material Science Research	Materials Science	Physical Sciences
T11162	Enzyme Structure and Function	Materials Science	Physical Sciences
T10107	Ferroelectric and Piezoelectric Materials	Materials Science	Physical Sciences
T11360	Flame retardant materials and properties	Materials Science	Physical Sciences
T10592	Fusion materials and technologies	Materials Science	Physical Sciences
T12529	Ga2O3 and related materials	Materials Science	Physical Sciences
T10544	Glass properties and applications	Materials Science	Physical Sciences
T10131	Gold and Silver Nanoparticles Synthesis and Applications	Materials Science	Physical Sciences
T10083	Graphene research and applications	Materials Science	Physical Sciences
T13465	Graphite, nuclear technology, radiation studies	Materials Science	Physical Sciences
T12200	Heusler alloys: electronic and magnetic properties	Materials Science	Physical Sciences
T10511	High voltage insulation and dielectric phenomena	Materials Science	Physical Sciences
T11699	High-Velocity Impact and Material Behavior	Materials Science	Physical Sciences
T10811	Hydrogen Storage and Materials	Materials Science	Physical Sciences
T10736	Hydrogen embrittlement and corrosion behaviors in metals	Materials Science	Physical Sciences
T11766	Iron-based superconductors research	Materials Science	Physical Sciences
T11279	Lanthanide and Transition Metal Complexes	Materials Science	Physical Sciences
T11940	Layered Double Hydroxides Synthesis and Applications	Materials Science	Physical Sciences
T10306	Liquid Crystal Research Advancements	Materials Science	Physical Sciences
T10097	Luminescence Properties of Advanced Materials	Materials Science	Physical Sciences
T11240	Luminescence and Fluorescent Materials	Materials Science	Physical Sciences
T12046	MXene and MAX Phase Materials	Materials Science	Physical Sciences
T11948	Machine Learning in Materials Science	Materials Science	Physical Sciences
T10530	Magnesium Alloys: Properties and Applications	Materials Science	Physical Sciences
T13039	Magnesium Oxide Properties and Applications	Materials Science	Physical Sciences
T11222	Magnetic Properties and Applications	Materials Science	Physical Sciences
T10922	Magnetic Properties and Synthesis of Ferrites	Materials Science	Physical Sciences
T11782	Magnetic Properties of Alloys	Materials Science	Physical Sciences
T10607	Magnetic and transport properties of perovskites and related materials	Materials Science	Physical Sciences
T10612	Magnetism in coordination complexes	Materials Science	Physical Sciences
T10474	Material Dynamics and Properties	Materials Science	Physical Sciences
T13129	Material Properties and Applications	Materials Science	Physical Sciences
T14076	Material Properties and Failure Mechanisms	Materials Science	Physical Sciences
T12938	Material Selection and Properties	Materials Science	Physical Sciences
T10735	Mesoporous Materials and Catalysis	Materials Science	Physical Sciences
T12427	Metal Alloys Wear and Properties	Materials Science	Physical Sciences
T14128	Metallurgical and Alloy Processes	Materials Science	Physical Sciences
T14184	Metallurgy and Material Science	Materials Science	Physical Sciences
T10245	Metamaterials and Metasurfaces Applications	Materials Science	Physical Sciences
T10204	Microstructure and mechanical properties	Materials Science	Physical Sciences
T10886	Multiferroics and related materials	Materials Science	Physical Sciences
T12149	Nanocluster Synthesis and Applications	Materials Science	Physical Sciences
T10488	Nanocomposite Films for Food Packaging	Materials Science	Physical Sciences
T10063	Nanoparticle-Based Drug Delivery	Materials Science	Physical Sciences
T10079	Nanoparticles: synthesis and applications	Materials Science	Physical Sciences
T13463	Nanoporous metals and alloys	Materials Science	Physical Sciences
T10513	Natural Fiber Reinforced Composites	Materials Science	Physical Sciences
T11025	Nonlinear Optical Materials Research	Materials Science	Physical Sciences
T11646	Nonlocal and gradient elasticity in micro/nano structures	Materials Science	Physical Sciences
T11242	Nuclear Materials and Properties	Materials Science	Physical Sciences
T12506	Nuclear materials and radiation effects	Materials Science	Physical Sciences
T11723	Optical Coatings and Gratings	Materials Science	Physical Sciences
T11758	Organic and Molecular Conductors Research	Materials Science	Physical Sciences
T11315	Phase-change materials and chalcogenides	Materials Science	Physical Sciences
T11708	Photochromic and Fluorescence Chemistry	Materials Science	Physical Sciences
T13185	Phytochemistry and Bioactive Compounds	Materials Science	Physical Sciences
T11915	Pickering emulsions and particle stabilization	Materials Science	Physical Sciences
T12628	Polymer Foaming and Composites	Materials Science	Physical Sciences
T12416	Polymer Nanocomposite Synthesis and Irradiation	Materials Science	Physical Sciences
T10501	Polymer Nanocomposites and Properties	Materials Science	Physical Sciences
T13171	Polymer Science and PVC	Materials Science	Physical Sciences
T10859	Polymer Surface Interaction Studies	Materials Science	Physical Sciences
T14303	Polymer Synthesis and Characterization	Materials Science	Physical Sciences
T10810	Polymer composites and self-healing	Materials Science	Physical Sciences
T10389	Polymer crystallization and properties	Materials Science	Physical Sciences
T11286	Polyoxometalates: Synthesis and Applications	Materials Science	Physical Sciences
T10903	Porphyrin and Phthalocyanine Chemistry	Materials Science	Physical Sciences
T10321	Quantum Dots Synthesis And Properties	Materials Science	Physical Sciences
T11887	Quasicrystal Structures and Properties	Materials Science	Physical Sciences
T12299	Radiation Shielding Materials Analysis	Materials Science	Physical Sciences
T10865	Shape Memory Alloy Transformations	Materials Science	Physical Sciences
T11169	Silicon Nanostructures and Photoluminescence	Materials Science	Physical Sciences
T12420	Silicone and Siloxane Chemistry	Materials Science	Physical Sciences
T11966	Silk-based biomaterials and applications	Materials Science	Physical Sciences
T11878	Solid-state spectroscopy and crystallography	Materials Science	Physical Sciences
T11087	Solidification and crystal growth phenomena	Materials Science	Physical Sciences
T13159	Structural mechanics and materials	Materials Science	Physical Sciences
T10179	Supercapacitor Materials and Fabrication	Materials Science	Physical Sciences
T11419	Supramolecular Self-Assembly in Materials	Materials Science	Physical Sciences
T10313	Surface Modification and Superhydrophobicity	Materials Science	Physical Sciences
T12084	Synthesis and properties of polymers	Materials Science	Physical Sciences
T11595	Textile materials and evaluations	Materials Science	Physical Sciences
T12875	Thermal Expansion and Ionic Conductivity	Materials Science	Physical Sciences
T12358	Thermal and Kinetic Analysis	Materials Science	Physical Sciences
T11277	Thermal properties of materials	Materials Science	Physical Sciences
T11442	Titanium Alloys Microstructure and Properties	Materials Science	Physical Sciences
T11128	Transition Metal Oxide Nanomaterials	Materials Science	Physical Sciences
T11842	Ultrasound and Cavitation Phenomena	Materials Science	Physical Sciences
T12613	X-ray Diffraction in Crystallography	Materials Science	Physical Sciences
T10090	ZnO doping and properties	Materials Science	Physical Sciences
T10661	biodegradable polymer synthesis and properties	Materials Science	Physical Sciences
T11680	Advanced Algebra and Geometry	Mathematics	Physical Sciences
T11545	Advanced Banach Space Theory	Mathematics	Physical Sciences
T10845	Advanced Causal Inference Techniques	Mathematics	Physical Sciences
T10948	Advanced Combinatorial Mathematics	Mathematics	Physical Sciences
T12396	Advanced Differential Equations and Dynamical Systems	Mathematics	Physical Sciences
T11049	Advanced Harmonic Analysis Research	Mathematics	Physical Sciences
T11428	Advanced Mathematical Identities	Mathematics	Physical Sciences
T11654	Advanced Mathematical Physics Problems	Mathematics	Physical Sciences
T14500	Advanced Mathematical Theories	Mathematics	Physical Sciences
T10899	Advanced Operator Algebra Research	Mathematics	Physical Sciences
T10963	Advanced Optimization Algorithms Research	Mathematics	Physical Sciences
T13771	Advanced Research in Science and Engineering	Mathematics	Physical Sciences
T11871	Advanced Statistical Methods and Models	Mathematics	Physical Sciences
T11673	Advanced Topics in Algebra	Mathematics	Physical Sciences
T11151	Advanced Topology and Set Theory	Mathematics	Physical Sciences
T10061	Algebraic Geometry and Number Theory	Mathematics	Physical Sciences
T12037	Algebraic and Geometric Analysis	Mathematics	Physical Sciences
T10287	Algebraic structures and combinatorial models	Mathematics	Physical Sciences
T11166	Analytic Number Theory Research	Mathematics	Physical Sciences
T11822	Analytic and geometric function theory	Mathematics	Physical Sciences
T12062	Approximation Theory and Sequence Spaces	Mathematics	Physical Sciences
T13720	Benford’s Law and Fraud Detection	Mathematics	Physical Sciences
T10410	COVID-19 epidemiological studies	Mathematics	Physical Sciences
T13546	Census and Population Estimation	Mathematics	Physical Sciences
T11345	Cognitive and developmental aspects of mathematical skills	Mathematics	Physical Sciences
T12069	Commutative Algebra and Its Applications	Mathematics	Physical Sciences
T12589	Differential Equations and Boundary Problems	Mathematics	Physical Sciences
T12727	Differential Equations and Numerical Methods	Mathematics	Physical Sciences
T13680	Education, Psychology, and Complexity Research	Mathematics	Physical Sciences
T10849	Finite Group Theory Research	Mathematics	Physical Sciences
T11777	Fixed Point Theorems Analysis	Mathematics	Physical Sciences
T10288	Fractional Differential Equations Solutions	Mathematics	Physical Sciences
T12508	Functional Equations Stability Results	Mathematics	Physical Sciences
T12135	Fuzzy Systems and Optimization	Mathematics	Physical Sciences
T11012	Gas Dynamics and Kinetic Theory	Mathematics	Physical Sciences
T10229	Geometric Analysis and Curvature Flows	Mathematics	Physical Sciences
T10304	Geometric and Algebraic Topology	Mathematics	Physical Sciences
T12351	Geometry and complex manifolds	Mathematics	Physical Sciences
T11476	Graph theory and applications	Mathematics	Physical Sciences
T12170	History and Theory of Mathematics	Mathematics	Physical Sciences
T10884	Holomorphic and Operator Theory	Mathematics	Physical Sciences
T10896	Homotopy and Cohomology in Algebraic Topology	Mathematics	Physical Sciences
T12661	Iterative Methods for Nonlinear Equations	Mathematics	Physical Sciences
T11329	Limits and Structures in Graph Theory	Mathematics	Physical Sciences
T12056	Markov Chains and Monte Carlo Methods	Mathematics	Physical Sciences
T11210	Mathematical Analysis and Transform Methods	Mathematics	Physical Sciences
T12404	Mathematical Approximation and Integration	Mathematics	Physical Sciences
T11829	Mathematical Biology Tumor Growth	Mathematics	Physical Sciences
T10588	Mathematical Dynamics and Fractals	Mathematics	Physical Sciences
T11564	Mathematical Inequalities and Applications	Mathematics	Physical Sciences
T13806	Mathematical and Computational Methods	Mathematics	Physical Sciences
T13400	Mathematical and Theoretical Analysis	Mathematics	Physical Sciences
T11191	Mathematical functions and polynomials	Mathematics	Physical Sciences
T12522	Mathematics Education and Pedagogy	Mathematics	Physical Sciences
T14079	Mathematics Education and Programs	Mathematics	Physical Sciences
T12504	Mathematics and Applications	Mathematics	Physical Sciences
T12812	Meromorphic and Entire Functions	Mathematics	Physical Sciences
T14082	Modeling, Simulation, and Optimization	Mathematics	Physical Sciences
T12417	Morphological variations and asymmetry	Mathematics	Physical Sciences
T10940	Navier-Stokes equation solutions	Mathematics	Physical Sciences
T10541	Nonlinear Differential Equations Analysis	Mathematics	Physical Sciences
T10194	Nonlinear Partial Differential Equations	Mathematics	Physical Sciences
T11416	Numerical methods for differential equations	Mathematics	Physical Sciences
T11205	Numerical methods in inverse problems	Mathematics	Physical Sciences
T11830	Point processes and geometric inequalities	Mathematics	Physical Sciences
T13797	Probabilistic Statistics in Medicine	Mathematics	Physical Sciences
T13500	Probability and Statistical Research	Mathematics	Physical Sciences
T11716	Random Matrices and Applications	Mathematics	Physical Sciences
T11703	Rings, Modules, and Algebras	Mathematics	Physical Sciences
T11022	Spectral Theory in Mathematical Physics	Mathematics	Physical Sciences
T10968	Statistical Distribution Estimation and Applications	Mathematics	Physical Sciences
T13141	Statistical Methods and Applications	Mathematics	Physical Sciences
T10243	Statistical Methods and Bayesian Inference	Mathematics	Physical Sciences
T10136	Statistical Methods and Inference	Mathematics	Physical Sciences
T11235	Statistical Methods in Clinical Trials	Mathematics	Physical Sciences
T14374	Statistical Methods in Epidemiology	Mathematics	Physical Sciences
T13487	Statistical and numerical algorithms	Mathematics	Physical Sciences
T11875	Statistics Education and Methodologies	Mathematics	Physical Sciences
T11152	Stochastic processes and statistical mechanics	Mathematics	Physical Sciences
T13030	Survey Sampling and Estimation Techniques	Mathematics	Physical Sciences
T12303	Tensor decomposition and applications	Mathematics	Physical Sciences
T13234	advanced mathematical theories	Mathematics	Physical Sciences
T11484	Adaptive optics and wavefront sensing	Physics and Astronomy	Physical Sciences
T10002	Advanced Chemical Physics Studies	Physics and Astronomy	Physical Sciences
T11682	Advanced Condensed Matter Physics	Physics and Astronomy	Physical Sciences
T13080	Advanced Differential Geometry Research	Physics and Astronomy	Physical Sciences
T10988	Advanced Fiber Laser Technologies	Physics and Astronomy	Physical Sciences
T12004	Advanced Frequency and Time Standards	Physics and Astronomy	Physical Sciences
T12516	Advanced Mathematical Theories and Applications	Physics and Astronomy	Physical Sciences
T12153	Advanced Optical Sensing Technologies	Physics and Astronomy	Physical Sciences
T10358	Advanced Radiotherapy Techniques	Physics and Astronomy	Physical Sciences
T11520	Advanced Thermodynamics and Statistical Mechanics	Physics and Astronomy	Physical Sciences
T11183	Advanced X-ray Imaging Techniques	Physics and Astronomy	Physical Sciences
T10325	Astro and Planetary Science	Physics and Astronomy	Physical Sciences
T13458	Astronomical and nuclear sciences	Physics and Astronomy	Physical Sciences
T12917	Astronomy and Astrophysical Research	Physics and Astronomy	Physical Sciences
T10744	Astrophysical Phenomena and Observations	Physics and Astronomy	Physical Sciences
T10818	Astrophysics and Cosmic Phenomena	Physics and Astronomy	Physical Sciences
T10477	Astrophysics and Star Formation Studies	Physics and Astronomy	Physical Sciences
T10523	Atomic and Molecular Physics	Physics and Astronomy	Physical Sciences
T11993	Atomic and Subatomic Physics Research	Physics and Astronomy	Physical Sciences
T10025	Black Holes and Theoretical Physics	Physics and Astronomy	Physical Sciences
T10244	Chaos control and synchronization	Physics and Astronomy	Physical Sciences
T10425	Cold Atom Physics and Bose-Einstein Condensates	Physics and Astronomy	Physical Sciences
T11666	Color Science and Applications	Physics and Astronomy	Physical Sciences
T10064	Complex Network Analysis Techniques	Physics and Astronomy	Physical Sciences
T14299	Complex Systems and Dynamics	Physics and Astronomy	Physical Sciences
T10095	Cosmology and Gravitation Theories	Physics and Astronomy	Physical Sciences
T12762	Crystallography and Radiation Phenomena	Physics and Astronomy	Physical Sciences
T11090	Dark Matter and Cosmic Phenomena	Physics and Astronomy	Physical Sciences
T11897	Digital Holography and Microscopy	Physics and Astronomy	Physical Sciences
T11603	Dust and Plasma Wave Phenomena	Physics and Astronomy	Physical Sciences
T14311	Electrical and Electromagnetic Research	Physics and Astronomy	Physical Sciences
T10739	Electromagnetic Scattering and Analysis	Physics and Astronomy	Physical Sciences
T12250	Experimental and Theoretical Physics Studies	Physics and Astronomy	Physical Sciences
T10923	Force Microscopy Techniques and Applications	Physics and Astronomy	Physical Sciences
T13769	Fusion and Plasma Physics Studies	Physics and Astronomy	Physical Sciences
T10099	GaN-based semiconductor devices and materials	Physics and Astronomy	Physical Sciences
T10026	Galaxies: Formation, Evolution, Phenomena	Physics and Astronomy	Physical Sciences
T11323	Gamma-ray bursts and supernovae	Physics and Astronomy	Physical Sciences
T11175	Gyrotron and Vacuum Electronics Research	Physics and Astronomy	Physical Sciences
T10527	High-Energy Particle Collisions Research	Physics and Astronomy	Physical Sciences
T13175	Historical Astronomy and Related Studies	Physics and Astronomy	Physical Sciences
T12836	History and Developments in Astronomy	Physics and Astronomy	Physical Sciences
T10159	Ionosphere and magnetosphere dynamics	Physics and Astronomy	Physical Sciences
T10566	Laser-Matter Interactions and Applications	Physics and Astronomy	Physical Sciences
T10384	Laser-Plasma Interactions and Diagnostics	Physics and Astronomy	Physical Sciences
T10787	Lightning and Electromagnetic Phenomena	Physics and Astronomy	Physical Sciences
T10346	Magnetic confinement fusion research	Physics and Astronomy	Physical Sciences
T10049	Magnetic properties of thin films	Physics and Astronomy	Physical Sciences
T11449	Mechanical and Optical Resonators	Physics and Astronomy	Physical Sciences
T11486	Micro and Nano Robotics	Physics and Astronomy	Physical Sciences
T11206	Model Reduction and Neural Networks	Physics and Astronomy	Physical Sciences
T12603	NMR spectroscopy and applications	Physics and Astronomy	Physical Sciences
T10921	Neutrino Physics Research	Physics and Astronomy	Physical Sciences
T11415	Noncommutative and Quantum Gravity Theories	Physics and Astronomy	Physical Sciences
T11575	Nonlinear Photonic Systems	Physics and Astronomy	Physical Sciences
T10248	Nonlinear Waves and Solitons	Physics and Astronomy	Physical Sciences
T11949	Nuclear Physics and Applications	Physics and Astronomy	Physical Sciences
T10093	Nuclear physics research studies	Physics and Astronomy	Physical Sciences
T12592	Opinion Dynamics and Social Influence	Physics and Astronomy	Physical Sciences
T13493	Optical and Acousto-Optic Technologies	Physics and Astronomy	Physical Sciences
T14363	Optical properties and cooling technologies in crystalline materials	Physics and Astronomy	Physical Sciences
T10490	Orbital Angular Momentum in Optics	Physics and Astronomy	Physical Sciences
T11445	Origins and Evolution of Life	Physics and Astronomy	Physical Sciences
T11044	Particle Detector Development and Performance	Physics and Astronomy	Physical Sciences
T10048	Particle physics theoretical and experimental studies	Physics and Astronomy	Physical Sciences
T10666	Photonic Crystals and Applications	Physics and Astronomy	Physical Sciences
T11050	Photorefractive and Nonlinear Optics	Physics and Astronomy	Physical Sciences
T10037	Physics of Superconductivity and Magnetism	Physics and Astronomy	Physical Sciences
T10406	Planetary Science and Exploration	Physics and Astronomy	Physical Sciences
T10463	Pulsars and Gravitational Waves Research	Physics and Astronomy	Physical Sciences
T10224	Quantum Chromodynamics and Particle Interactions	Physics and Astronomy	Physical Sciences
T12220	Quantum Electrodynamics and Casimir Effect	Physics and Astronomy	Physical Sciences
T10622	Quantum Mechanics and Applications	Physics and Astronomy	Physical Sciences
T11262	Quantum Mechanics and Non-Hermitian Physics	Physics and Astronomy	Physical Sciences
T11683	Quantum and Classical Electrodynamics	Physics and Astronomy	Physical Sciences
T10382	Quantum and electron transport phenomena	Physics and Astronomy	Physical Sciences
T11261	Quantum chaos and dynamical systems	Physics and Astronomy	Physical Sciences
T11804	Quantum many-body systems	Physics and Astronomy	Physical Sciences
T11414	Quantum optics and atomic interactions	Physics and Astronomy	Physical Sciences
T11965	Quantum, superfluid, helium dynamics	Physics and Astronomy	Physical Sciences
T11216	Radiation Detection and Scintillator Technologies	Physics and Astronomy	Physical Sciences
T12450	Radio Astronomy Observations and Technology	Physics and Astronomy	Physical Sciences
T13414	Radioactive Decay and Measurement Techniques	Physics and Astronomy	Physical Sciences
T11996	Random lasers and scattering media	Physics and Astronomy	Physical Sciences
T10681	Rare-earth and actinide compounds	Physics and Astronomy	Physical Sciences
T11960	Relativity and Gravitational Theory	Physics and Astronomy	Physical Sciences
T13126	Scientific Research and Discoveries	Physics and Astronomy	Physical Sciences
T10022	Semiconductor Quantum Structures and Devices	Physics and Astronomy	Physical Sciences
T11853	Semiconductor materials and interfaces	Physics and Astronomy	Physical Sciences
T10251	Solar and Space Plasma Dynamics	Physics and Astronomy	Physical Sciences
T12788	Space Science and Extraterrestrial Life	Physics and Astronomy	Physical Sciences
T12717	Space exploration and regulation	Physics and Astronomy	Physical Sciences
T11177	Spectroscopy and Quantum Chemical Studies	Physics and Astronomy	Physical Sciences
T12261	Statistical Mechanics and Entropy	Physics and Astronomy	Physical Sciences
T10039	Stellar, planetary, and galactic studies	Physics and Astronomy	Physical Sciences
T12612	Strong Light-Matter Interactions	Physics and Astronomy	Physical Sciences
T11803	Superconducting and THz Device Technology	Physics and Astronomy	Physical Sciences
T12491	Superconductivity in MgB2 and Alloys	Physics and Astronomy	Physical Sciences
T13531	Surface and Thin Film Phenomena	Physics and Astronomy	Physical Sciences
T10591	Theoretical and Computational Physics	Physics and Astronomy	Physical Sciences
T10657	Topological Materials and Phenomena	Physics and Astronomy	Physical Sciences
T12077	Vacuum and Plasma Arcs	Physics and Astronomy	Physical Sciences
T11733	X-ray Spectroscopy and Fluorescence Analysis	Physics and Astronomy	Physical Sciences
T11513	stochastic dynamics and bifurcation	Physics and Astronomy	Physical Sciences
T12648	Academic Writing and Publishing	Arts and Humanities	Social Sciences
T13302	Amazonian Archaeology and Ethnohistory	Arts and Humanities	Social Sciences
T13259	American Jewish Fiction Analysis	Arts and Humanities	Social Sciences
T14494	American Literature and Culture	Arts and Humanities	Social Sciences
T14217	American Literature and Humor Studies	Arts and Humanities	Social Sciences
T13333	American Political and Social Dynamics	Arts and Humanities	Social Sciences
T14518	American Sports and Literature	Arts and Humanities	Social Sciences
T13174	American and British Literature Analysis	Arts and Humanities	Social Sciences
T12555	Ancient Egypt and Archaeology	Arts and Humanities	Social Sciences
T13068	Ancient Mediterranean Archaeology and History	Arts and Humanities	Social Sciences
T12307	Ancient Near East History	Arts and Humanities	Social Sciences
T13621	Ancient and Medieval Archaeology Studies	Arts and Humanities	Social Sciences
T13831	Archaeological and Geological Studies	Arts and Humanities	Social Sciences
T11857	Archaeological and Historical Studies	Arts and Humanities	Social Sciences
T13372	Archaeology and Historical Studies	Arts and Humanities	Social Sciences
T13520	Architectural and Urban Studies	Arts and Humanities	Social Sciences
T13133	Architecture and Art History Studies	Arts and Humanities	Social Sciences
T13599	Architecture and Cultural Influences	Arts and Humanities	Social Sciences
T13683	Architecture, Art, Education	Arts and Humanities	Social Sciences
T14357	Architecture, Design, and Social History	Arts and Humanities	Social Sciences
T12179	Art Education and Development	Arts and Humanities	Social Sciences
T13342	Art History and Market Analysis	Arts and Humanities	Social Sciences
T12372	Art Therapy and Mental Health	Arts and Humanities	Social Sciences
T14322	Art, Aesthetics, and Perception	Arts and Humanities	Social Sciences
T12444	Art, Politics, and Modernism	Arts and Humanities	Social Sciences
T14002	Art, Technology, and Culture	Arts and Humanities	Social Sciences
T13216	Artistic and Creative Research	Arts and Humanities	Social Sciences
T13860	Arts and Performance Studies	Arts and Humanities	Social Sciences
T13887	Augustinian Studies and Theology	Arts and Humanities	Social Sciences
T13474	Autobiographical and Biographical Writing	Arts and Humanities	Social Sciences
T14116	Aviation History and Innovations	Arts and Humanities	Social Sciences
T14046	Bach Studies and Logistics Development	Arts and Humanities	Social Sciences
T10362	Biblical Studies and Interpretation	Arts and Humanities	Social Sciences
T13495	Biographical and Historical Analysis	Arts and Humanities	Social Sciences
T14247	Borges, Kipling, and Jewish Identity	Arts and Humanities	Social Sciences
T12266	Byzantine Studies and History	Arts and Humanities	Social Sciences
T12470	Caribbean and African Literature and Culture	Arts and Humanities	Social Sciences
T12862	Catholicism and Religious Studies	Arts and Humanities	Social Sciences
T13347	Christian Theology and Mission	Arts and Humanities	Social Sciences
T12803	Cinema History and Criticism	Arts and Humanities	Social Sciences
T11463	Classical Philosophy and Thought	Arts and Humanities	Social Sciences
T13845	Classical Studies and Legal History	Arts and Humanities	Social Sciences
T14170	Classical Studies and Philology	Arts and Humanities	Social Sciences
T12390	Comics and Graphic Narratives	Arts and Humanities	Social Sciences
T13466	Comparative Literary Analysis and Criticism	Arts and Humanities	Social Sciences
T13778	Comparative and World Literature	Arts and Humanities	Social Sciences
T12981	Conservation Techniques and Studies	Arts and Humanities	Social Sciences
T13072	Contemporary Christian Leadership and Education	Arts and Humanities	Social Sciences
T12130	Contemporary Literature and Criticism	Arts and Humanities	Social Sciences
T13571	Corporeality, Perception, and Education	Arts and Humanities	Social Sciences
T13316	Crafts, Textile, and Design	Arts and Humanities	Social Sciences
T14243	Creative Drama in Education	Arts and Humanities	Social Sciences
T13145	Crime and Detective Fiction Studies	Arts and Humanities	Social Sciences
T11846	Cultural Heritage Management and Preservation	Arts and Humanities	Social Sciences
T11212	Cultural Heritage Materials Analysis	Arts and Humanities	Social Sciences
T13863	Cultural History and Identity Formation	Arts and Humanities	Social Sciences
T13070	Cultural Identity and Heritage	Arts and Humanities	Social Sciences
T13788	Cultural Identity and Representation	Arts and Humanities	Social Sciences
T13818	Cultural Studies and Colonialism	Arts and Humanities	Social Sciences
T13301	Cultural Studies and Interdisciplinary Research	Arts and Humanities	Social Sciences
T13515	Cultural and Communication Design Research	Arts and Humanities	Social Sciences
T13413	Cultural and Historical Studies	Arts and Humanities	Social Sciences
T12680	Cultural and Mythological Studies	Arts and Humanities	Social Sciences
T14172	Cultural and Social Studies in Latin America	Arts and Humanities	Social Sciences
T13367	Cultural and Sociopolitical Studies	Arts and Humanities	Social Sciences
T12623	Cultural, Media, and Literary Studies	Arts and Humanities	Social Sciences
T13308	Cybernetics and Technology in Society	Arts and Humanities	Social Sciences
T12377	Digital Humanities and Scholarship	Arts and Humanities	Social Sciences
T11657	Digital and Traditional Archives Management	Arts and Humanities	Social Sciences
T10366	Discourse Analysis in Language Studies	Arts and Humanities	Social Sciences
T13837	Diverse Cultural and Social Studies	Arts and Humanities	Social Sciences
T14517	Diverse Historical and Scientific Studies	Arts and Humanities	Social Sciences
T11425	Diverse Music Education Insights	Arts and Humanities	Social Sciences
T13996	Diverse Musicological Studies	Arts and Humanities	Social Sciences
T14063	Diverse Philosophical and Cultural Studies	Arts and Humanities	Social Sciences
T10021	EFL/ESL Teaching and Learning	Arts and Humanities	Social Sciences
T11794	Early Modern Spanish Literature	Arts and Humanities	Social Sciences
T13356	Early Modern Women Writers	Arts and Humanities	Social Sciences
T12457	Ecocriticism and Environmental Literature	Arts and Humanities	Social Sciences
T12164	Education Practices and Challenges	Arts and Humanities	Social Sciences
T14024	Education, Philosophy, and Society	Arts and Humanities	Social Sciences
T11477	Epistemology, Ethics, and Metaphysics	Arts and Humanities	Social Sciences
T14092	Ethics, Aesthetics, and Art	Arts and Humanities	Social Sciences
T12454	European Political History Analysis	Arts and Humanities	Social Sciences
T14001	Evelyn Waugh and Hans Urs von Balthasar Studies	Arts and Humanities	Social Sciences
T12182	Evolution and Science Education	Arts and Humanities	Social Sciences
T12514	Fashion and Cultural Textiles	Arts and Humanities	Social Sciences
T12586	Folklore, Mythology, and Literature Studies	Arts and Humanities	Social Sciences
T10992	Forensic Anthropology and Bioarchaeology Studies	Arts and Humanities	Social Sciences
T14385	Franz Kafka Literary Studies	Arts and Humanities	Social Sciences
T12909	French Historical and Cultural Studies	Arts and Humanities	Social Sciences
T12559	French Literature and Critical Theory	Arts and Humanities	Social Sciences
T13667	French Literature and Criticism	Arts and Humanities	Social Sciences
T13704	French Literature and Poetry	Arts and Humanities	Social Sciences
T12972	German Colonialism and Identity Studies	Arts and Humanities	Social Sciences
T13484	German History and Society	Arts and Humanities	Social Sciences
T11893	German Literature and Culture Studies	Arts and Humanities	Social Sciences
T14131	Giambattista Vico and Joyce	Arts and Humanities	Social Sciences
T13757	Graphic Design and Typography	Arts and Humanities	Social Sciences
T13497	Hermeneutics and Narrative Identity	Arts and Humanities	Social Sciences
T14343	Hispanic-African Historical Relations	Arts and Humanities	Social Sciences
T13519	Historical Architecture and Urbanism	Arts and Humanities	Social Sciences
T14191	Historical Art and Architecture Studies	Arts and Humanities	Social Sciences
T13922	Historical Art and Culture Studies	Arts and Humanities	Social Sciences
T13156	Historical Linguistics and Language Studies	Arts and Humanities	Social Sciences
T11137	Historical Philosophy and Science	Arts and Humanities	Social Sciences
T13641	Historical Studies and Socio-cultural Analysis	Arts and Humanities	Social Sciences
T14312	Historical Studies in Central America	Arts and Humanities	Social Sciences
T14442	Historical Studies in Science	Arts and Humanities	Social Sciences
T14355	Historical Studies of British Isles	Arts and Humanities	Social Sciences
T14197	Historical Studies of Medieval Iberia	Arts and Humanities	Social Sciences
T13332	Historical Studies on Reproduction, Gender, Health, and Societal Changes	Arts and Humanities	Social Sciences
T12739	Historical Studies on Spain	Arts and Humanities	Social Sciences
T13593	Historical and Archaeological Studies	Arts and Humanities	Social Sciences
T14506	Historical and Architectural Studies	Arts and Humanities	Social Sciences
T13938	Historical and Contemporary Political Dynamics	Arts and Humanities	Social Sciences
T12886	Historical and Cultural Studies of Poland	Arts and Humanities	Social Sciences
T14149	Historical and Literary Analyses	Arts and Humanities	Social Sciences
T14451	Historical and Religious Studies of Rome	Arts and Humanities	Social Sciences
T13167	Historical, Literary, and Cultural Studies	Arts and Humanities	Social Sciences
T13198	Historical, Religious, and Philosophical Studies	Arts and Humanities	Social Sciences
T12382	History of Education Research in Brazil	Arts and Humanities	Social Sciences
T13392	History of Education in Spain	Arts and Humanities	Social Sciences
T13708	History of Emotions Research	Arts and Humanities	Social Sciences
T12324	History of Medicine Studies	Arts and Humanities	Social Sciences
T12778	History of Medicine and Tropical Health	Arts and Humanities	Social Sciences
T14475	History of Science and Medicine	Arts and Humanities	Social Sciences
T12471	History of Science and Natural History	Arts and Humanities	Social Sciences
T13231	History, Culture, and Diplomacy	Arts and Humanities	Social Sciences
T13902	Indian History and Philosophy	Arts and Humanities	Social Sciences
T11563	Indian and Buddhist Studies	Arts and Humanities	Social Sciences
T14266	Interdisciplinary Studies: Technology, Society, and Humanities	Arts and Humanities	Social Sciences
T13815	Islamic Thought and Society Studies	Arts and Humanities	Social Sciences
T13743	Italian Literature and Culture	Arts and Humanities	Social Sciences
T13329	Joseph Conrad and Literature	Arts and Humanities	Social Sciences
T13712	Kantian Philosophy and Modern Interpretations	Arts and Humanities	Social Sciences
T12440	Karl Barth and Christian Theology	Arts and Humanities	Social Sciences
T14148	Kierkegaardian Philosophy and Influence	Arts and Humanities	Social Sciences
T13339	Landscape and Cultural Studies	Arts and Humanities	Social Sciences
T10383	Language, Discourse, Communication Strategies	Arts and Humanities	Social Sciences
T13912	Language, Linguistics, Cultural Analysis	Arts and Humanities	Social Sciences
T13427	Latin American Literature Analysis	Arts and Humanities	Social Sciences
T12283	Latin American history and culture	Arts and Humanities	Social Sciences
T12353	Lexicography and Language Studies	Arts and Humanities	Social Sciences
T14380	Libraries and Information Services	Arts and Humanities	Social Sciences
T14386	Libraries, Manuscripts, and Books	Arts and Humanities	Social Sciences
T14081	Linguistic Education and Pedagogy	Arts and Humanities	Social Sciences
T12373	Linguistic research and analysis	Arts and Humanities	Social Sciences
T13122	Linguistics and Cultural Studies	Arts and Humanities	Social Sciences
T12119	Linguistics and Discourse Analysis	Arts and Humanities	Social Sciences
T12184	Linguistics and Education Research	Arts and Humanities	Social Sciences
T13538	Linguistics and Language Analysis	Arts and Humanities	Social Sciences
T13260	Linguistics and Language Studies	Arts and Humanities	Social Sciences
T12768	Linguistics and language evolution	Arts and Humanities	Social Sciences
T14006	Linguistics, Language Diversity, and Identity	Arts and Humanities	Social Sciences
T11935	Literacy, Media, and Education	Arts and Humanities	Social Sciences
T14151	Literary Analysis and Cultural Studies	Arts and Humanities	Social Sciences
T13024	Literary Theory and Cultural Hermeneutics	Arts and Humanities	Social Sciences
T14460	Literary, Cultural, Historical Analysis	Arts and Humanities	Social Sciences
T14193	Literature and Cultural Memory	Arts and Humanities	Social Sciences
T13028	Literature and Culture Studies	Arts and Humanities	Social Sciences
T14035	Literature, Culture, and Aesthetics	Arts and Humanities	Social Sciences
T13179	Literature, Culture, and Criticism	Arts and Humanities	Social Sciences
T14192	Literature, Film, and Journalism Analysis	Arts and Humanities	Social Sciences
T13486	Literature, Magical Realism, García Márquez	Arts and Humanities	Social Sciences
T10011	Literature: history, themes, analysis	Arts and Humanities	Social Sciences
T12624	Maritime and Coastal Archaeology	Arts and Humanities	Social Sciences
T14278	Marxism and Critical Theory	Arts and Humanities	Social Sciences
T12214	Media Influence and Health	Arts and Humanities	Social Sciences
T13766	Media, Journalism, and Communication History	Arts and Humanities	Social Sciences
T13277	Media, Religion, Digital Communication	Arts and Humanities	Social Sciences
T12990	Medical History and Innovations	Arts and Humanities	Social Sciences
T12575	Medical History and Research	Arts and Humanities	Social Sciences
T14132	Medical Research and Islamic Perspectives	Arts and Humanities	Social Sciences
T13714	Medieval Architecture and Archaeology	Arts and Humanities	Social Sciences
T14388	Medieval European History and Architecture	Arts and Humanities	Social Sciences
T14021	Medieval European Literature and History	Arts and Humanities	Social Sciences
T12999	Medieval History and Crusades	Arts and Humanities	Social Sciences
T13195	Medieval Iberian Studies	Arts and Humanities	Social Sciences
T10595	Medieval Literature and History	Arts and Humanities	Social Sciences
T12857	Medieval Philosophy and Theology	Arts and Humanities	Social Sciences
T12511	Medieval and Classical Philosophy	Arts and Humanities	Social Sciences
T13089	Medieval and Early Modern Iberia	Arts and Humanities	Social Sciences
T12927	Memory, History, Trauma, Identity	Arts and Humanities	Social Sciences
T12308	Mental Health and Psychiatry	Arts and Humanities	Social Sciences
T14305	Modern American Literature Studies	Arts and Humanities	Social Sciences
T12974	Modernist Literature and Criticism	Arts and Humanities	Social Sciences
T13733	Moravian Church and William Blake	Arts and Humanities	Social Sciences
T13750	Mormonism, Religion, and History	Arts and Humanities	Social Sciences
T11462	Museums and Cultural Heritage	Arts and Humanities	Social Sciences
T11113	Music History and Culture	Arts and Humanities	Social Sciences
T10941	Musicology and Musical Analysis	Arts and Humanities	Social Sciences
T12461	Narrative Theory and Analysis	Arts and Humanities	Social Sciences
T14059	Nietzsche, Schopenhauer, and Hegel	Arts and Humanities	Social Sciences
T12585	North African History and Literature	Arts and Humanities	Social Sciences
T13590	Oral History, Memory, Narrative Analysis	Arts and Humanities	Social Sciences
T13848	Ottoman and Turkish Studies	Arts and Humanities	Social Sciences
T13409	Paleopathology and ancient diseases	Arts and Humanities	Social Sciences
T13636	Pentecostalism and Christianity Studies	Arts and Humanities	Social Sciences
T10297	Philosophical Ethics and Theory	Arts and Humanities	Social Sciences
T12726	Philosophical and Cultural Analysis	Arts and Humanities	Social Sciences
T13545	Philosophical and Theoretical Analysis	Arts and Humanities	Social Sciences
T13931	Philosophy and Historical Thought	Arts and Humanities	Social Sciences
T10778	Philosophy and History of Science	Arts and Humanities	Social Sciences
T13940	Philosophy and Literary Analysis	Arts and Humanities	Social Sciences
T12366	Philosophy, Ethics, and Existentialism	Arts and Humanities	Social Sciences
T12777	Philosophy, History, and Historiography	Arts and Humanities	Social Sciences
T13558	Philosophy, Science, and History	Arts and Humanities	Social Sciences
T13268	Photographic and Visual Arts	Arts and Humanities	Social Sciences
T12868	Photography and Visual Culture	Arts and Humanities	Social Sciences
T12398	Poetry Analysis and Criticism	Arts and Humanities	Social Sciences
T13225	Polish-Jewish Holocaust Memory Studies	Arts and Humanities	Social Sciences
T11717	Postcolonial and Cultural Literary Studies	Arts and Humanities	Social Sciences
T13666	Postmodernism in Literature and Education	Arts and Humanities	Social Sciences
T12133	Pragmatism in Philosophy and Education	Arts and Humanities	Social Sciences
T13516	Publishing and Scholarly Communication	Arts and Humanities	Social Sciences
T12409	Reformation and Early Modern Christianity	Arts and Humanities	Social Sciences
T13661	Reformed Theology and Governance	Arts and Humanities	Social Sciences
T14426	Religion, Gender, and Enlightenment	Arts and Humanities	Social Sciences
T14321	Religion, Theology, and Education	Arts and Humanities	Social Sciences
T13005	Religious Studies and Spiritual Practices	Arts and Humanities	Social Sciences
T14469	Renaissance Literature and Culture	Arts and Humanities	Social Sciences
T12076	Renaissance and Early Modern Studies	Arts and Humanities	Social Sciences
T11982	Rhetoric and Communication Studies	Arts and Humanities	Social Sciences
T13153	Rousseau and Enlightenment Thought	Arts and Humanities	Social Sciences
T13245	Samuel Beckett and Modernism	Arts and Humanities	Social Sciences
T14366	Schopenhauer and Stefan Zweig	Arts and Humanities	Social Sciences
T13908	Scientific and Historical Analyses	Arts and Humanities	Social Sciences
T14109	Scottish History and National Identity	Arts and Humanities	Social Sciences
T12542	Second Language Learning and Teaching	Arts and Humanities	Social Sciences
T13250	Semiotics and Representation Studies	Arts and Humanities	Social Sciences
T13577	Sephardic Jews and Inquisition Studies	Arts and Humanities	Social Sciences
T12517	Seventeenth-Century Political and Philosophical Thought	Arts and Humanities	Social Sciences
T12912	Shakespeare, Adaptation, and Literary Criticism	Arts and Humanities	Social Sciences
T13433	Short Stories in Global Literature	Arts and Humanities	Social Sciences
T13087	Simone de Beauvoir and Sartre	Arts and Humanities	Social Sciences
T13334	South Asian Cinema and Culture	Arts and Humanities	Social Sciences
T12949	South Asian Studies and Diaspora	Arts and Humanities	Social Sciences
T12743	Spanish Culture and Identity	Arts and Humanities	Social Sciences
T13006	Spanish History and Politics	Arts and Humanities	Social Sciences
T12341	Spanish Linguistics and Language Studies	Arts and Humanities	Social Sciences
T12977	Spanish Literature and Culture Studies	Arts and Humanities	Social Sciences
T13462	Spanish Philosophy and Literature	Arts and Humanities	Social Sciences
T13359	Sports Science and Education	Arts and Humanities	Social Sciences
T13150	Study and Philosophy of Religion	Arts and Humanities	Social Sciences
T13310	Subtitles and Audiovisual Media	Arts and Humanities	Social Sciences
T10034	Syntax, Semantics, Linguistic Variation	Arts and Humanities	Social Sciences
T14401	Technology, Environment, Urban Planning	Arts and Humanities	Social Sciences
T13330	Theater, Performance, and Music History	Arts and Humanities	Social Sciences
T11391	Theatre and Performance Studies	Arts and Humanities	Social Sciences
T12678	Themes in Literature Analysis	Arts and Humanities	Social Sciences
T13178	Theology and Canon Law Studies	Arts and Humanities	Social Sciences
T13144	Theology and Philosophy of Evil	Arts and Humanities	Social Sciences
T13672	Thomas Hardy Literature Studies	Arts and Humanities	Social Sciences
T10759	Translation Studies and Practices	Arts and Humanities	Social Sciences
T13575	Travel Writing and Literature	Arts and Humanities	Social Sciences
T13450	Turkish Literature and Culture	Arts and Humanities	Social Sciences
T12445	Twentieth Century Scientific Developments	Arts and Humanities	Social Sciences
T13606	Umberto Eco and Semiotics	Arts and Humanities	Social Sciences
T12507	Utopian, Dystopian, and Speculative Fiction	Arts and Humanities	Social Sciences
T14314	Violence, Religion, and Philosophy	Arts and Humanities	Social Sciences
T12632	Visual Culture and Art Theory	Arts and Humanities	Social Sciences
T13264	Walter Benjamin Studies Compilation	Arts and Humanities	Social Sciences
T12957	War, Ethics, and Justification	Arts and Humanities	Social Sciences
T12558	Wittgensteinian philosophy and applications	Arts and Humanities	Social Sciences
T12881	linguistics and terminology studies	Arts and Humanities	Social Sciences
T13812	AI and HR Technologies	Business, Management and Accounting	Social Sciences
T12378	Accounting Education and Careers	Business, Management and Accounting	Social Sciences
T13366	Accounting Theory and Financial Reporting	Business, Management and Accounting	Social Sciences
T13509	Accounting and Financial Management	Business, Management and Accounting	Social Sciences
T10797	Accounting and Organizational Management	Business, Management and Accounting	Social Sciences
T10974	Advanced Queuing Theory Analysis	Business, Management and Accounting	Social Sciences
T13025	American History and Culture	Business, Management and Accounting	Social Sciences
T13226	Appreciative Inquiry and Organizational Change	Business, Management and Accounting	Social Sciences
T13703	Attention Economy in Education and Business	Business, Management and Accounting	Social Sciences
T10081	Auditing, Earnings Management, Governance	Business, Management and Accounting	Social Sciences
T14183	Banking Sector Performance and Management	Business, Management and Accounting	Social Sciences
T14419	Banking Systems and Strategies	Business, Management and Accounting	Social Sciences
T11891	Big Data and Business Intelligence	Business, Management and Accounting	Social Sciences
T12735	Blood donation and transfusion practices	Business, Management and Accounting	Social Sciences
T13972	Business Law and Ethics	Business, Management and Accounting	Social Sciences
T10703	Business Process Modeling and Analysis	Business, Management and Accounting	Social Sciences
T13151	Business Strategies and Innovation	Business, Management and Accounting	Social Sciences
T13402	Business Strategy and Innovation	Business, Management and Accounting	Social Sciences
T14239	Business, Education, Mathematics Research	Business, Management and Accounting	Social Sciences
T12594	Collaboration in agile enterprises	Business, Management and Accounting	Social Sciences
T13204	Competitive and Knowledge Intelligence	Business, Management and Accounting	Social Sciences
T14244	Consumer Behavior and Marketing Influence	Business, Management and Accounting	Social Sciences
T10145	Consumer Behavior in Brand Consumption and Identification	Business, Management and Accounting	Social Sciences
T11161	Consumer Market Behavior and Pricing	Business, Management and Accounting	Social Sciences
T14055	Consumer Packaging Perceptions and Trends	Business, Management and Accounting	Social Sciences
T13169	Consumer Perception and Purchasing Behavior	Business, Management and Accounting	Social Sciences
T11536	Consumer Retail Behavior Studies	Business, Management and Accounting	Social Sciences
T12121	Cooperative Studies and Economics	Business, Management and Accounting	Social Sciences
T11769	Copyright and Intellectual Property	Business, Management and Accounting	Social Sciences
T10019	Corporate Finance and Governance	Business, Management and Accounting	Social Sciences
T13957	Corporate Governance and Financial Management	Business, Management and Accounting	Social Sciences
T14102	Corporate Governance and Law	Business, Management and Accounting	Social Sciences
T10910	Corporate Governance and Management	Business, Management and Accounting	Social Sciences
T12738	Corporate Identity and Reputation	Business, Management and Accounting	Social Sciences
T12509	Corporate Insolvency and Governance	Business, Management and Accounting	Social Sciences
T13408	Corporate Law and Human Rights	Business, Management and Accounting	Social Sciences
T12376	Corporate Management and Leadership	Business, Management and Accounting	Social Sciences
T10115	Corporate Social Responsibility Reporting	Business, Management and Accounting	Social Sciences
T13603	Corporate Social Responsibility and Sustainability	Business, Management and Accounting	Social Sciences
T11508	Corporate Taxation and Avoidance	Business, Management and Accounting	Social Sciences
T10154	Customer Service Quality and Loyalty	Business, Management and Accounting	Social Sciences
T12384	Customer churn and segmentation	Business, Management and Accounting	Social Sciences
T11734	Decision Support System Applications	Business, Management and Accounting	Social Sciences
T12958	Digital Economy and Transformation	Business, Management and Accounting	Social Sciences
T12885	Digital Innovation in Industries	Business, Management and Accounting	Social Sciences
T11437	Digital Platforms and Economics	Business, Management and Accounting	Social Sciences
T12662	Digitalization and Economic Development in Agriculture	Business, Management and Accounting	Social Sciences
T13191	Dispute Resolution and Class Actions	Business, Management and Accounting	Social Sciences
T14362	Diverse Legal and Medical Studies	Business, Management and Accounting	Social Sciences
T14139	E-commerce and Technology Innovations	Business, Management and Accounting	Social Sciences
T11938	ERP Systems Implementation and Impact	Business, Management and Accounting	Social Sciences
T13181	Economic and Technological Systems Analysis	Business, Management and Accounting	Social Sciences
T13431	Education Methods and Integration	Business, Management and Accounting	Social Sciences
T13529	Education Systems and Policies	Business, Management and Accounting	Social Sciences
T13626	Educational and Organizational Development	Business, Management and Accounting	Social Sciences
T14436	Employee Performance and Leadership	Business, Management and Accounting	Social Sciences
T11543	Employee Performance and Motivation	Business, Management and Accounting	Social Sciences
T14450	Employee Welfare and Language Studies	Business, Management and Accounting	Social Sciences
T12415	Employer Branding and e-HRM	Business, Management and Accounting	Social Sciences
T13985	Enterprise Management and Information Systems	Business, Management and Accounting	Social Sciences
T10058	Entrepreneurship Studies and Influences	Business, Management and Accounting	Social Sciences
T10880	Environmental Sustainability in Business	Business, Management and Accounting	Social Sciences
T11502	Facility Location and Emergency Management	Business, Management and Accounting	Social Sciences
T11843	Family Business Performance and Succession	Business, Management and Accounting	Social Sciences
T11995	FinTech, Crowdfunding, Digital Finance	Business, Management and Accounting	Social Sciences
T12123	Financial Analysis and Corporate Governance	Business, Management and Accounting	Social Sciences
T11653	Financial Distress and Bankruptcy Prediction	Business, Management and Accounting	Social Sciences
T13744	Financial Literacy and Behavior	Business, Management and Accounting	Social Sciences
T10517	Financial Literacy, Pension, Retirement Analysis	Business, Management and Accounting	Social Sciences
T12675	Financial Reporting and Valuation Research	Business, Management and Accounting	Social Sciences
T13794	Financial Reporting and XBRL	Business, Management and Accounting	Social Sciences
T14026	Flannery O'Connor and Thomas Merton	Business, Management and Accounting	Social Sciences
T12933	Franchising Strategies and Performance	Business, Management and Accounting	Social Sciences
T12816	Global Public Health Policies and Epidemiology	Business, Management and Accounting	Social Sciences
T12428	Global Trade and Competitiveness	Business, Management and Accounting	Social Sciences
T11552	Global trade, sustainability, and social impact	Business, Management and Accounting	Social Sciences
T13616	Governance, Compliance, and Sustainability	Business, Management and Accounting	Social Sciences
T12918	Healthcare Systems and Technology	Business, Management and Accounting	Social Sciences
T12584	Hospitality and Tourism Education	Business, Management and Accounting	Social Sciences
T12843	Human Resource and Talent Management	Business, Management and Accounting	Social Sciences
T12734	Information Systems and Technology Applications	Business, Management and Accounting	Social Sciences
T11572	Information Technology Governance and Strategy	Business, Management and Accounting	Social Sciences
T10003	Innovation and Knowledge Management	Business, Management and Accounting	Social Sciences
T12786	Innovation and Socioeconomic Development	Business, Management and Accounting	Social Sciences
T14147	Innovative Approaches in Technology and Social Development	Business, Management and Accounting	Social Sciences
T11849	Intellectual Capital and Performance Analysis	Business, Management and Accounting	Social Sciences
T10856	Intellectual Property and Patents	Business, Management and Accounting	Social Sciences
T12040	International Arbitration and Investment Law	Business, Management and Accounting	Social Sciences
T10415	International Business and FDI	Business, Management and Accounting	Social Sciences
T11365	Islamic Finance and Banking Studies	Business, Management and Accounting	Social Sciences
T10006	Job Satisfaction and Organizational Behavior	Business, Management and Accounting	Social Sciences
T14264	Law, Ethics, and AI Impact	Business, Management and Accounting	Social Sciences
T14180	Law, logistics, and international trade	Business, Management and Accounting	Social Sciences
T12751	Leadership and Management in Organizations	Business, Management and Accounting	Social Sciences
T13810	Legal Systems and Institutions	Business, Management and Accounting	Social Sciences
T13088	Legal and Labor Studies	Business, Management and Accounting	Social Sciences
T14138	Life Cycle Costing Analysis	Business, Management and Accounting	Social Sciences
T14121	Logistics and Transportation Systems	Business, Management and Accounting	Social Sciences
T12905	Management Systems and Quality Improvement	Business, Management and Accounting	Social Sciences
T13235	Management Theory and Practice	Business, Management and Accounting	Social Sciences
T12671	Management and Marketing Education	Business, Management and Accounting	Social Sciences
T13706	Management and Optimization Techniques	Business, Management and Accounting	Social Sciences
T12815	Management and Organizational Practices	Business, Management and Accounting	Social Sciences
T10344	Management and Organizational Studies	Business, Management and Accounting	Social Sciences
T13580	Management and Performance Evaluation	Business, Management and Accounting	Social Sciences
T14477	Management, Economics, and Public Policy	Business, Management and Accounting	Social Sciences
T13355	Marketing and Advertising Strategies	Business, Management and Accounting	Social Sciences
T14320	Optics and Image Analysis	Business, Management and Accounting	Social Sciences
T13149	Organizational Change and Leadership	Business, Management and Accounting	Social Sciences
T13642	Organizational Downsizing and Restructuring	Business, Management and Accounting	Social Sciences
T14356	Organizational Leadership and Management Strategies	Business, Management and Accounting	Social Sciences
T13163	Organizational Learning and Leadership	Business, Management and Accounting	Social Sciences
T13449	Organizational Management and Change	Business, Management and Accounting	Social Sciences
T11726	Organizational Management and Innovation	Business, Management and Accounting	Social Sciences
T13963	Organizational Management and Leadership	Business, Management and Accounting	Social Sciences
T13803	Organizational Strategy and Culture	Business, Management and Accounting	Social Sciences
T11912	Outsourcing and Supply Chain Management	Business, Management and Accounting	Social Sciences
T12225	Political Influence and Corporate Strategies	Business, Management and Accounting	Social Sciences
T11903	Private Equity and Venture Capital	Business, Management and Accounting	Social Sciences
T11729	Product Development and Customization	Business, Management and Accounting	Social Sciences
T12779	Public Procurement and Policy	Business, Management and Accounting	Social Sciences
T11939	Public-Private Partnership Projects	Business, Management and Accounting	Social Sciences
T12945	Quality Function Deployment in Product Design	Business, Management and Accounting	Social Sciences
T13164	Quality and Management Systems	Business, Management and Accounting	Social Sciences
T10164	Quality and Supply Management	Business, Management and Accounting	Social Sciences
T13384	Regional Economic Development and Innovation	Business, Management and Accounting	Social Sciences
T12185	Regulation and Compliance Studies	Business, Management and Accounting	Social Sciences
T12276	Risk Management in Financial Firms	Business, Management and Accounting	Social Sciences
T14410	Safety and Risk Management	Business, Management and Accounting	Social Sciences
T14373	Securities Regulation and Market Practices	Business, Management and Accounting	Social Sciences
T11114	Service and Product Innovation	Business, Management and Accounting	Social Sciences
T12392	Sharing Economy and Platforms	Business, Management and Accounting	Social Sciences
T13901	State Capitalism and Financial Governance	Business, Management and Accounting	Social Sciences
T13137	Strategic Planning and Analysis	Business, Management and Accounting	Social Sciences
T11864	Supply Chain Resilience and Risk Management	Business, Management and Accounting	Social Sciences
T10328	Supply Chain and Inventory Management	Business, Management and Accounting	Social Sciences
T14453	Sustainability and Innovation in Business	Business, Management and Accounting	Social Sciences
T10539	Sustainable Supply Chain Management	Business, Management and Accounting	Social Sciences
T14030	Taxation and Legal Issues	Business, Management and Accounting	Social Sciences
T13439	Transport and Economic Policies	Business, Management and Accounting	Social Sciences
T14014	Transportation Systems and Infrastructure	Business, Management and Accounting	Social Sciences
T13276	University-Industry-Government Innovation Models	Business, Management and Accounting	Social Sciences
T14058	Value Engineering and Management	Business, Management and Accounting	Social Sciences
T14187	Varied Academic Research Topics	Business, Management and Accounting	Social Sciences
T12399	Wine Industry and Tourism	Business, Management and Accounting	Social Sciences
T12544	Working Capital and Financial Performance	Business, Management and Accounting	Social Sciences
T13607	Academic Publishing and Open Access	Decision Sciences	Social Sciences
T12101	Advanced Bandit Algorithms Research	Decision Sciences	Social Sciences
T13612	Advanced Scientific and Engineering Studies	Decision Sciences	Social Sciences
T11443	Advanced Statistical Process Monitoring	Decision Sciences	Social Sciences
T11182	Auction Theory and Applications	Decision Sciences	Social Sciences
T14280	Big Data Technologies and Applications	Decision Sciences	Social Sciences
T12926	Business Strategies and Management Research	Decision Sciences	Social Sciences
T11530	Business and Management Studies	Decision Sciences	Social Sciences
T11810	Complex Systems and Decision Making	Decision Sciences	Social Sciences
T10395	Construction Project Management and Performance	Decision Sciences	Social Sciences
T11719	Data Quality and Management	Decision Sciences	Social Sciences
T10315	Decision-Making and Behavioral Economics	Decision Sciences	Social Sciences
T14369	Diverse Interdisciplinary Research Innovations	Decision Sciences	Social Sciences
T14211	Diverse academic research themes	Decision Sciences	Social Sciences
T14328	Diverse scientific research topics	Decision Sciences	Social Sciences
T13609	Economic, Social, and Public Health Issues in Russia and Globally	Decision Sciences	Social Sciences
T13611	Education, Management, Technology, Human Resources	Decision Sciences	Social Sciences
T13405	Educational Assessment and Improvement	Decision Sciences	Social Sciences
T10357	Efficiency Analysis Using DEA	Decision Sciences	Social Sciences
T13758	Energy Law and Policy	Decision Sciences	Social Sciences
T11058	Ethics in Business and Education	Decision Sciences	Social Sciences
T12010	Evaluation and Performance Assessment	Decision Sciences	Social Sciences
T11918	Forecasting Techniques and Applications	Decision Sciences	Social Sciences
T11671	Fuzzy and Soft Set Theory	Decision Sciences	Social Sciences
T11031	Game Theory and Applications	Decision Sciences	Social Sciences
T12368	Grey System Theory Applications	Decision Sciences	Social Sciences
T14260	Impact of AI and Big Data on Business and Society	Decision Sciences	Social Sciences
T12659	Innovation Diffusion and Forecasting	Decision Sciences	Social Sciences
T13480	Innovations and Analysis in Business and Education	Decision Sciences	Social Sciences
T13880	Innovative Education Methods and Tools	Decision Sciences	Social Sciences
T12766	Interdisciplinary Research and Collaboration	Decision Sciences	Social Sciences
T14222	Knowledge Management and Technology	Decision Sciences	Social Sciences
T14465	Leadership, Behavior, and Decision-Making Studies	Decision Sciences	Social Sciences
T10206	Meta-analysis and systematic reviews	Decision Sciences	Social Sciences
T10050	Multi-Criteria Decision Making	Decision Sciences	Social Sciences
T14406	Multidisciplinary Science and Engineering Research	Decision Sciences	Social Sciences
T13886	Operations Management Techniques	Decision Sciences	Social Sciences
T11798	Optimal Experimental Design Methods	Decision Sciences	Social Sciences
T12607	Personal Information Management and User Behavior	Decision Sciences	Social Sciences
T10928	Probabilistic and Robust Engineering Design	Decision Sciences	Social Sciences
T11720	Probability and Risk Models	Decision Sciences	Social Sciences
T14263	Professional Masters Programs Analysis	Decision Sciences	Social Sciences
T10467	Psychometric Methodologies and Testing	Decision Sciences	Social Sciences
T13587	Q Methodology Applications	Decision Sciences	Social Sciences
T13309	Reliability and Agreement in Measurement	Decision Sciences	Social Sciences
T14185	Research, Science, and Academia	Decision Sciences	Social Sciences
T12177	Resource-Constrained Project Scheduling	Decision Sciences	Social Sciences
T11413	Risk and Portfolio Optimization	Decision Sciences	Social Sciences
T11357	Risk and Safety Analysis	Decision Sciences	Social Sciences
T12401	Scheduling and Timetabling Solutions	Decision Sciences	Social Sciences
T11986	Scientific Computing and Data Management	Decision Sciences	Social Sciences
T14346	Scientific Innovation and Industrial Efficiency	Decision Sciences	Social Sciences
T11890	Scientific Measurement and Uncertainty Evaluation	Decision Sciences	Social Sciences
T11195	Simulation Techniques and Applications	Decision Sciences	Social Sciences
T11326	Stock Market Forecasting Methods	Decision Sciences	Social Sciences
T10068	Technology Adoption and User Behaviour	Decision Sciences	Social Sciences
T13696	Technology's Impact on Media	Decision Sciences	Social Sciences
T14221	activated carbon and charcoal	Decision Sciences	Social Sciences
T14509	demographic modeling and climate adaptation	Decision Sciences	Social Sciences
T10102	scientometrics and bibliometrics research	Decision Sciences	Social Sciences
T11599	Aviation Industry Analysis and Trends	Economics, Econometrics and Finance	Social Sciences
T14223	Ayn Rand and Brontë studies	Economics, Econometrics and Finance	Social Sciences
T14008	Balkan and Eastern European Studies	Economics, Econometrics and Finance	Social Sciences
T10127	Banking stability, regulation, efficiency	Economics, Econometrics and Finance	Social Sciences
T13949	Belt and Road Initiative	Economics, Econometrics and Finance	Social Sciences
T13472	Brazilian History and Foreign Policy	Economics, Econometrics and Finance	Social Sciences
T13255	Business, Innovation, and Economy	Economics, Econometrics and Finance	Social Sciences
T11711	COVID-19 Pandemic Impacts	Economics, Econometrics and Finance	Social Sciences
T11976	Capital Investment and Risk Analysis	Economics, Econometrics and Finance	Social Sciences
T10758	Cinema and Media Studies	Economics, Econometrics and Finance	Social Sciences
T10471	Climate Change Policy and Economics	Economics, Econometrics and Finance	Social Sciences
T14464	Community Development and Social Impact	Economics, Econometrics and Finance	Social Sciences
T11270	Complex Systems and Time Series Analysis	Economics, Econometrics and Finance	Social Sciences
T11496	Credit Risk and Financial Regulations	Economics, Econometrics and Finance	Social Sciences
T12825	Defense, Military, and Policy Studies	Economics, Econometrics and Finance	Social Sciences
T13346	Digital Transformation in Financial Services	Economics, Econometrics and Finance	Social Sciences
T13475	Digital Transformation in Law	Economics, Econometrics and Finance	Social Sciences
T13227	Diverse Global Economic and Educational Challenges	Economics, Econometrics and Finance	Social Sciences
T13713	Diverse Perspectives in Modern Studies	Economics, Econometrics and Finance	Social Sciences
T13370	Diverse Scientific and Economic Studies	Economics, Econometrics and Finance	Social Sciences
T14325	Diverse Specialized Academic Research	Economics, Econometrics and Finance	Social Sciences
T14491	Diverse academic and cultural studies	Economics, Econometrics and Finance	Social Sciences
T14424	Economic Analysis and Policy	Economics, Econometrics and Finance	Social Sciences
T13498	Economic Development and Digital Transformation	Economics, Econometrics and Finance	Social Sciences
T14066	Economic Development and Regional Competitiveness	Economics, Econometrics and Finance	Social Sciences
T12446	Economic Growth and Fiscal Policies	Economics, Econometrics and Finance	Social Sciences
T10393	Economic Growth and Productivity	Economics, Econometrics and Finance	Social Sciences
T13172	Economic Issues in Ukraine	Economics, Econometrics and Finance	Social Sciences
T13825	Economic Policies and Impacts	Economics, Econometrics and Finance	Social Sciences
T13007	Economic Sanctions and International Relations	Economics, Econometrics and Finance	Social Sciences
T13499	Economic Systems and Logistics Management	Economics, Econometrics and Finance	Social Sciences
T10785	Economic Theory and Institutions	Economics, Econometrics and Finance	Social Sciences
T11742	Economic Theory and Policy	Economics, Econometrics and Finance	Social Sciences
T13473	Economic Zones and Regional Development	Economics, Econometrics and Finance	Social Sciences
T13278	Economic and Business Development Strategies	Economics, Econometrics and Finance	Social Sciences
T14129	Economic and Business Studies	Economics, Econometrics and Finance	Social Sciences
T10841	Economic and Environmental Valuation	Economics, Econometrics and Finance	Social Sciences
T12708	Economic and Financial Impacts of Cancer	Economics, Econometrics and Finance	Social Sciences
T13042	Economic and Fiscal Studies	Economics, Econometrics and Finance	Social Sciences
T13547	Economic and Industrial Development	Economics, Econometrics and Finance	Social Sciences
T14143	Economic and Technological Innovation	Economics, Econometrics and Finance	Social Sciences
T12137	Economic theories and models	Economics, Econometrics and Finance	Social Sciences
T14370	Economic, Social, and Health Studies	Economics, Econometrics and Finance	Social Sciences
T14112	Economic, financial, and policy analysis	Economics, Econometrics and Finance	Social Sciences
T11898	Economics of Agriculture and Food Markets	Economics, Econometrics and Finance	Social Sciences
T10438	Energy, Environment, Economic Growth	Economics, Econometrics and Finance	Social Sciences
T14166	European Monetary and Fiscal Policies	Economics, Econometrics and Finance	Social Sciences
T14404	European Socioeconomic and Political Studies	Economics, Econometrics and Finance	Social Sciences
T14317	Finance, Markets, and Regulation	Economics, Econometrics and Finance	Social Sciences
T14101	Financial Crisis of the 21st Century	Economics, Econometrics and Finance	Social Sciences
T10047	Financial Markets and Investment Strategies	Economics, Econometrics and Finance	Social Sciences
T10282	Financial Risk and Volatility Modeling	Economics, Econometrics and Finance	Social Sciences
T12851	Firm Innovation and Growth	Economics, Econometrics and Finance	Social Sciences
T11621	Fiscal Policies and Political Economy	Economics, Econometrics and Finance	Social Sciences
T11770	Fiscal Policy and Economic Growth	Economics, Econometrics and Finance	Social Sciences
T10991	Game Theory and Voting Systems	Economics, Econometrics and Finance	Social Sciences
T13442	Geochemistry and Geochronology of Asian Mineral Deposits	Economics, Econometrics and Finance	Social Sciences
T13389	German Economic Analysis & Policies	Economics, Econometrics and Finance	Social Sciences
T14501	Global Economic and Social Development	Economics, Econometrics and Finance	Social Sciences
T10503	Global Financial Crisis and Policies	Economics, Econometrics and Finance	Social Sciences
T13074	Global Financial Regulation and Crises	Economics, Econometrics and Finance	Social Sciences
T14213	Global Politics and Economy	Economics, Econometrics and Finance	Social Sciences
T14113	Global Socioeconomic and Political Dynamics	Economics, Econometrics and Finance	Social Sciences
T10128	Global trade and economics	Economics, Econometrics and Finance	Social Sciences
T14503	Globalization, Economics, and Policies	Economics, Econometrics and Finance	Social Sciences
T14334	HIV/AIDS Impact and Responses	Economics, Econometrics and Finance	Social Sciences
T10804	Health Systems, Economic Evaluations, Quality of Life	Economics, Econometrics and Finance	Social Sciences
T10391	Healthcare Policy and Management	Economics, Econometrics and Finance	Social Sciences
T11531	Healthcare Systems and Reforms	Economics, Econometrics and Finance	Social Sciences
T14261	Herbal Medicine and Trade Cooperation	Economics, Econometrics and Finance	Social Sciences
T10605	Historical Economic and Social Studies	Economics, Econometrics and Finance	Social Sciences
T12641	Historical and socio-economic studies of Spain and related regions	Economics, Econometrics and Finance	Social Sciences
T10632	Housing Market and Economics	Economics, Econometrics and Finance	Social Sciences
T11817	Housing, Finance, and Neoliberalism	Economics, Econometrics and Finance	Social Sciences
T14294	Impulse Buying and Technology Impacts	Economics, Econometrics and Finance	Social Sciences
T13894	Indian Economic and Social Development	Economics, Econometrics and Finance	Social Sciences
T12722	Innovation Policy and R&D	Economics, Econometrics and Finance	Social Sciences
T12394	Insurance and Financial Risk Management	Economics, Econometrics and Finance	Social Sciences
T14094	Italy: Economic History and Contemporary Issues	Economics, Econometrics and Finance	Social Sciences
T13411	Labor Market and Education	Economics, Econometrics and Finance	Social Sciences
T10208	Labor market dynamics and wage inequality	Economics, Econometrics and Finance	Social Sciences
T11762	Law, Economics, and Judicial Systems	Economics, Econometrics and Finance	Social Sciences
T13138	Legal and Constitutional Studies	Economics, Econometrics and Finance	Social Sciences
T11059	Market Dynamics and Volatility	Economics, Econometrics and Finance	Social Sciences
T11043	Merger and Competition Analysis	Economics, Econometrics and Finance	Social Sciences
T10987	Microfinance and Financial Inclusion	Economics, Econometrics and Finance	Social Sciences
T10007	Monetary Policy and Economic Impact	Economics, Econometrics and Finance	Social Sciences
T11823	Natural Resources and Economic Development	Economics, Econometrics and Finance	Social Sciences
T14231	New Zealand Economic and Social Studies	Economics, Econometrics and Finance	Social Sciences
T14230	Occupational and Professional Licensing Regulation	Economics, Econometrics and Finance	Social Sciences
T11792	Pharmaceutical Economics and Policy	Economics, Econometrics and Finance	Social Sciences
T12052	Polish socio-economic development	Economics, Econometrics and Finance	Social Sciences
T13387	Politics, Economics, and Education Policy	Economics, Econometrics and Finance	Social Sciences
T14467	Public Administration, ICT, and Policy Development	Economics, Econometrics and Finance	Social Sciences
T13407	Regional Development and Management Studies	Economics, Econometrics and Finance	Social Sciences
T14051	Regional Economic and Spatial Analysis	Economics, Econometrics and Finance	Social Sciences
T11014	Regional Economics and Spatial Analysis	Economics, Econometrics and Finance	Social Sciences
T13588	Regional resilience and development	Economics, Econometrics and Finance	Social Sciences
T13237	Socio-economic Development and Sustainability	Economics, Econometrics and Finance	Social Sciences
T13961	Socioeconomics of Resources and Conservation	Economics, Econometrics and Finance	Social Sciences
T11911	Spatial and Panel Data Analysis	Economics, Econometrics and Finance	Social Sciences
T11674	Sports Analytics and Performance	Economics, Econometrics and Finance	Social Sciences
T10067	Stochastic processes and financial applications	Economics, Econometrics and Finance	Social Sciences
T13146	Sustainable Finance and Green Bonds	Economics, Econometrics and Finance	Social Sciences
T11257	Taxation and Compliance Studies	Economics, Econometrics and Finance	Social Sciences
T13399	Unemployment and Economic Growth	Economics, Econometrics and Finance	Social Sciences
T14154	finance, banking, and market dynamics	Economics, Econometrics and Finance	Social Sciences
T12430	Academic and Historical Perspectives in Psychology	Psychology	Social Sciences
T11431	Action Observation and Synchronization	Psychology	Social Sciences
T13060	Adventure Sports and Sensation Seeking	Psychology	Social Sciences
T11265	Aging and Gerontology Research	Psychology	Social Sciences
T13435	Animal and Plant Science Education	Psychology	Social Sciences
T10853	Anxiety, Depression, Psychometrics, Treatment, Cognitive Processes	Psychology	Social Sciences
T10677	Attachment and Relationship Dynamics	Psychology	Social Sciences
T11542	Behavioral Health and Interventions	Psychology	Social Sciences
T10826	Behavioral and Psychological Studies	Psychology	Social Sciences
T12663	Body Image and Dysmorphia Studies	Psychology	Social Sciences
T10485	Bullying, Victimization, and Aggression	Psychology	Social Sciences
T10168	COVID-19 and Mental Health	Psychology	Social Sciences
T12694	Categorization, perception, and language	Psychology	Social Sciences
T10426	Child Abuse and Trauma	Psychology	Social Sciences
T13143	Child Therapy and Development	Psychology	Social Sciences
T10182	Child and Adolescent Psychosocial and Emotional Development	Psychology	Social Sciences
T10656	Child and Animal Learning Development	Psychology	Social Sciences
T12241	Children's Physical and Motor Development	Psychology	Social Sciences
T13821	Coaching Methods and Impact	Psychology	Social Sciences
T11577	Cognitive Abilities and Testing	Psychology	Social Sciences
T13471	Cognitive Functions and Memory	Psychology	Social Sciences
T13777	Cognitive and psychological constructs research	Psychology	Social Sciences
T12496	Color perception and design	Psychology	Social Sciences
T12593	Communication in Education and Healthcare	Psychology	Social Sciences
T12802	Competency Development and Evaluation	Psychology	Social Sciences
T13968	Contemporary Cultural and Social Studies	Psychology	Social Sciences
T11295	Counseling Practices and Supervision	Psychology	Social Sciences
T12245	Counseling, Therapy, and Family Dynamics	Psychology	Social Sciences
T11079	Creativity in Education and Neuroscience	Psychology	Social Sciences
T11454	Cultural Differences and Values	Psychology	Social Sciences
T12521	Death Anxiety and Social Exclusion	Psychology	Social Sciences
T12268	Deception detection and forensic psychology	Psychology	Social Sciences
T14104	Developmental and Educational Neuropsychology	Psychology	Social Sciences
T11519	Digital Mental Health Interventions	Psychology	Social Sciences
T12757	Diverse Academia and Research Topics	Psychology	Social Sciences
T12051	Diversity and Impact of Dance	Psychology	Social Sciences
T10263	Eating Disorders and Behaviors	Psychology	Social Sciences
T10547	Education, Achievement, and Giftedness	Psychology	Social Sciences
T14173	Education, Healthcare and Sociology Research	Psychology	Social Sciences
T10731	Educational Games and Gamification	Psychology	Social Sciences
T12887	Educational Strategies and Epistemologies	Psychology	Social Sciences
T13447	Educational and Psychological Assessments	Psychology	Social Sciences
T14301	Educational methodologies and cognitive development	Psychology	Social Sciences
T13419	Ego Development and Educational Practices	Psychology	Social Sciences
T10667	Emotion and Mood Recognition	Psychology	Social Sciences
T11433	Emotional Intelligence and Performance	Psychology	Social Sciences
T12313	Emotions and Moral Behavior	Psychology	Social Sciences
T12006	Ergonomics and Musculoskeletal Disorders	Psychology	Social Sciences
T11118	Evolutionary Psychology and Human Behavior	Psychology	Social Sciences
T12256	Facilities and Workplace Management	Psychology	Social Sciences
T14295	Families in Therapy and Culture	Psychology	Social Sciences
T12980	Family Caregiving in Mental Illness	Psychology	Social Sciences
T11632	Family and Disability Support Research	Psychology	Social Sciences
T13353	Flow Experience in Various Fields	Psychology	Social Sciences
T12551	Forgiveness and Related Behaviors	Psychology	Social Sciences
T11705	Gambling Behavior and Treatments	Psychology	Social Sciences
T11388	Grief, Bereavement, and Mental Health	Psychology	Social Sciences
T13542	Grit, Self-Efficacy, and Motivation	Psychology	Social Sciences
T14313	Health and Well-being Studies	Psychology	Social Sciences
T14045	Health, Education, and Physical Culture	Psychology	Social Sciences
T13829	Health, Work, and Social Studies in Poland	Psychology	Social Sciences
T11678	Healthcare Decision-Making and Restraints	Psychology	Social Sciences
T11285	Hearing Impairment and Communication	Psychology	Social Sciences
T12666	Historical Psychiatry and Medical Practices	Psychology	Social Sciences
T14434	Historical and Modern Theater Studies	Psychology	Social Sciences
T12787	Human Behavior and Motivation	Psychology	Social Sciences
T11994	Human Resource Development and Performance Evaluation	Psychology	Social Sciences
T10525	Human-Automation Interaction and Safety	Psychology	Social Sciences
T11795	Humor Studies and Applications	Psychology	Social Sciences
T11983	Identity, Memory, and Therapy	Psychology	Social Sciences
T10636	Innovative Teaching and Learning Methods	Psychology	Social Sciences
T12882	Jungian Analytical Psychology	Psychology	Social Sciences
T10156	LGBTQ Health, Identity, and Policy	Psychology	Social Sciences
T14485	Language Acquisition and Education	Psychology	Social Sciences
T10730	Language Development and Disorders	Psychology	Social Sciences
T11148	Language, Metaphor, and Cognition	Psychology	Social Sciences
T14513	Leadership, Courage, and Heroism Studies	Psychology	Social Sciences
T11820	Learning Styles and Cognitive Differences	Psychology	Social Sciences
T11104	Memory, Trauma, and Commemoration	Psychology	Social Sciences
T13211	Memory, Trauma, and Testimony	Psychology	Social Sciences
T12493	Memory, violence, and history	Psychology	Social Sciences
T13283	Mental Health Research Topics	Psychology	Social Sciences
T10272	Mental Health Treatment and Access	Psychology	Social Sciences
T12488	Mental Health via Writing	Psychology	Social Sciences
T11756	Mentoring and Academic Development	Psychology	Social Sciences
T10762	Migration, Health and Trauma	Psychology	Social Sciences
T10708	Mindfulness and Compassion Interventions	Psychology	Social Sciences
T11400	Motivation and Self-Concept in Sports	Psychology	Social Sciences
T12032	Multisensory perception and integration	Psychology	Social Sciences
T11768	Music Therapy and Health	Psychology	Social Sciences
T11541	Neuroendocrine regulation and behavior	Psychology	Social Sciences
T13510	Nostalgia and Consumer Behavior	Psychology	Social Sciences
T11123	Obsessive-Compulsive Spectrum Disorders	Psychology	Social Sciences
T12485	Optimism, Hope, and Well-being	Psychology	Social Sciences
T12997	Outdoor and Experiential Education	Psychology	Social Sciences
T12448	Paranormal Experiences and Beliefs	Psychology	Social Sciences
T12258	Perfectionism, Procrastination, Anxiety Studies	Psychology	Social Sciences
T11093	Personality Disorders and Psychopathology	Psychology	Social Sciences
T11040	Personality Traits and Psychology	Psychology	Social Sciences
T11592	Phenomenology and Existential Philosophy	Psychology	Social Sciences
T10258	Philosophy and Theoretical Science	Psychology	Social Sciences
T10403	Phonetics and Phonology Research	Psychology	Social Sciences
T14229	Physical education and sports games research	Psychology	Social Sciences
T10242	Posttraumatic Stress Disorder Research	Psychology	Social Sciences
T10699	Primate Behavior and Ecology	Psychology	Social Sciences
T12553	Psychedelics and Drug Studies	Psychology	Social Sciences
T13944	Psychiatric care and mental health services	Psychology	Social Sciences
T11132	Psychoanalysis and Psychopathology Research	Psychology	Social Sciences
T12889	Psychoanalysis, Philosophy, and Politics	Psychology	Social Sciences
T12848	Psychological Testing and Assessment	Psychology	Social Sciences
T13272	Psychological Treatments and Assessments	Psychology	Social Sciences
T13118	Psychological Treatments and Disorders	Psychology	Social Sciences
T10475	Psychological Well-being and Life Satisfaction	Psychology	Social Sciences
T14308	Psychological and Educational Research Studies	Psychology	Social Sciences
T13536	Psychological and Temporal Perspectives Research	Psychology	Social Sciences
T13284	Psychology Research and Bibliometrics	Psychology	Social Sciences
T12844	Psychology and Mental Health	Psychology	Social Sciences
T12993	Psychology of Development and Education	Psychology	Social Sciences
T12753	Psychology, Coaching, and Therapy	Psychology	Social Sciences
T10565	Psychopathy, Forensic Psychiatry, Sexual Offending	Psychology	Social Sciences
T10214	Psychotherapy Techniques and Applications	Psychology	Social Sciences
T10103	Reading and Literacy Development	Psychology	Social Sciences
T11793	Recreation, Leisure, Wilderness Management	Psychology	Social Sciences
T11761	Resilience and Mental Health	Psychology	Social Sciences
T14056	Safety Warnings and Signage	Psychology	Social Sciences
T13600	Science Education and Perceptions	Psychology	Social Sciences
T11587	Second Language Acquisition and Learning	Psychology	Social Sciences
T13262	Semiotics and Cultural Interpretation	Psychology	Social Sciences
T12335	Sexuality, Behavior, and Technology	Psychology	Social Sciences
T11373	Sleep and Work-Related Fatigue	Psychology	Social Sciences
T10316	Sleep and related disorders	Psychology	Social Sciences
T12175	Social Representations and Identity	Psychology	Social Sciences
T10709	Social Robot Interaction and HRI	Psychology	Social Sciences
T13380	Sound Studies and Aurality	Psychology	Social Sciences
T10813	Sport Psychology and Performance	Psychology	Social Sciences
T12704	Stress and Burnout Research	Psychology	Social Sciences
T14085	Student Stress and Coping	Psychology	Social Sciences
T12684	Stuttering Research and Treatment	Psychology	Social Sciences
T10376	Suicide and Self-Harm Studies	Psychology	Social Sciences
T10970	Team Dynamics and Performance	Psychology	Social Sciences
T13585	Technostress in Professional Settings	Psychology	Social Sciences
T13782	Transactional Analysis in Psychotherapy	Psychology	Social Sciences
T11516	Visual and Cognitive Learning Processes	Psychology	Social Sciences
T14220	Workaholism, burnout, and well-being	Psychology	Social Sciences
T14027	21st Century Education and Governance	Social Sciences	Social Sciences
T14181	Academic Freedom and Politics	Social Sciences	Social Sciences
T12363	Academic Research in Diverse Fields	Social Sciences	Social Sciences
T11492	Academic integrity and plagiarism	Social Sciences	Social Sciences
T10927	Access Control and Trust	Social Sciences	Social Sciences
T12986	Administrative Law and Governance	Social Sciences	Social Sciences
T12345	Adult and Continuing Education Topics	Social Sciences	Social Sciences
T13731	Advanced Computing and Algorithms	Social Sciences	Social Sciences
T13496	Advertising and Communication Studies	Social Sciences	Social Sciences
T12204	African Education and Politics	Social Sciences	Social Sciences
T13843	African Sexualities and LGBTQ+ Issues	Social Sciences	Social Sciences
T13162	African Studies and Ethnography	Social Sciences	Social Sciences
T13019	African Studies and Geopolitics	Social Sciences	Social Sciences
T12160	African cultural and philosophical studies	Social Sciences	Social Sciences
T13504	African history and culture analysis	Social Sciences	Social Sciences
T14395	African history and culture studies	Social Sciences	Social Sciences
T12635	African studies and sociopolitical issues	Social Sciences	Social Sciences
T13868	Afro-Latin American Studies	Social Sciences	Social Sciences
T14119	Agricultural and Environmental Management	Social Sciences	Social Sciences
T11805	Agricultural economics and policies	Social Sciences	Social Sciences
T13445	American Constitutional Law and Politics	Social Sciences	Social Sciences
T13428	Anarchism and Radical Politics	Social Sciences	Social Sciences
T14206	Animal Law and Welfare	Social Sciences	Social Sciences
T10149	Anthropological Studies and Insights	Social Sciences	Social Sciences
T14289	Anthropology: Ethics, History, Culture	Social Sciences	Social Sciences
T14107	Appalachian Studies and Mathematics	Social Sciences	Social Sciences
T14037	Arabic Language Education Studies	Social Sciences	Social Sciences
T13595	Archaeology and Cultural Heritage	Social Sciences	Social Sciences
T13939	Archaeology and Natural History	Social Sciences	Social Sciences
T13256	Archaeology and Rock Art Studies	Social Sciences	Social Sciences
T12432	Arctic and Russian Policy Studies	Social Sciences	Social Sciences
T12036	Argentine historical studies	Social Sciences	Social Sciences
T13643	Artificial Intelligence in Law	Social Sciences	Social Sciences
T13327	Arts, Culture, and Music Studies	Social Sciences	Social Sciences
T12323	Asian American and Pacific Histories	Social Sciences	Social Sciences
T13303	Asian Culture and Media Studies	Social Sciences	Social Sciences
T12956	Asian Geopolitics and Ethnography	Social Sciences	Social Sciences
T13057	Asian Industrial and Economic Development	Social Sciences	Social Sciences
T11256	Asian Studies and History	Social Sciences	Social Sciences
T12525	Australian History and Society	Social Sciences	Social Sciences
T13705	Australian Indigenous Culture and History	Social Sciences	Social Sciences
T12437	Balkans: History, Politics, Society	Social Sciences	Social Sciences
T13826	Bangladesh Politics, Society, and Development	Social Sciences	Social Sciences
T14489	Basque language and culture studies	Social Sciences	Social Sciences
T14133	Border Security and International Relations	Social Sciences	Social Sciences
T12148	Brazilian Legal Issues	Social Sciences	Social Sciences
T13554	Brazilian cultural history and politics	Social Sciences	Social Sciences
T13032	COVID-19 Prevention and Impact	Social Sciences	Social Sciences
T14443	COVID-19, Geopolitics, Technology, Migration	Social Sciences	Social Sciences
T13525	Cambodian History and Society	Social Sciences	Social Sciences
T12219	Canadian Identity and History	Social Sciences	Social Sciences
T13655	Canadian Policy and Governance	Social Sciences	Social Sciences
T10726	Career Development and Diversity	Social Sciences	Social Sciences
T13222	Caribbean history, culture, and politics	Social Sciences	Social Sciences
T13973	Catholicism, Bioethics, Media, Education	Social Sciences	Social Sciences
T14417	Central Asia Education and Culture	Social Sciences	Social Sciences
T14041	Central European Literary Studies	Social Sciences	Social Sciences
T13754	Central European and Russian historical studies	Social Sciences	Social Sciences
T12686	Central European national history	Social Sciences	Social Sciences
T14097	Chemistry Education and Research	Social Sciences	Social Sciences
T12060	Child Development and Digital Technology	Social Sciences	Social Sciences
T13987	Child Development and Education	Social Sciences	Social Sciences
T11380	Child Welfare and Adoption	Social Sciences	Social Sciences
T11506	Children's Rights and Participation	Social Sciences	Social Sciences
T13073	China's Ethnic Minorities and Relations	Social Sciences	Social Sciences
T13669	China's Global Influence and Migration	Social Sciences	Social Sciences
T10628	China's Socioeconomic Reforms and Governance	Social Sciences	Social Sciences
T10893	Chinese history and philosophy	Social Sciences	Social Sciences
T13774	Citizenship Education and Democracy	Social Sciences	Social Sciences
T10165	Classical Antiquity Studies	Social Sciences	Social Sciences
T11488	Climate Change Communication and Perception	Social Sciences	Social Sciences
T12656	Climate Change, Adaptation, Migration	Social Sciences	Social Sciences
T13131	Collaborative Teaching and Inclusion	Social Sciences	Social Sciences
T13819	Collaborative and Sustainable Housing Initiatives	Social Sciences	Social Sciences
T14141	Colonial History and Postcolonial Studies	Social Sciences	Social Sciences
T12144	Colonialism, slavery, and trade	Social Sciences	Social Sciences
T13653	Commonwealth, Australian Politics and Federalism	Social Sciences	Social Sciences
T13716	Communication Studies and Media	Social Sciences	Social Sciences
T13979	Communication and COVID-19 Impact	Social Sciences	Social Sciences
T13135	Communism, Protests, Social Movements	Social Sciences	Social Sciences
T13502	Community and Sustainable Development	Social Sciences	Social Sciences
T13136	Community-based Tourism Development and Sustainability	Social Sciences	Social Sciences
T12669	Comparative International Legal Studies	Social Sciences	Social Sciences
T14012	Comparative and International Law Studies	Social Sciences	Social Sciences
T12332	Comparative constitutional jurisprudence studies	Social Sciences	Social Sciences
T13910	Computational and Text Analysis Methods	Social Sciences	Social Sciences
T13098	Conferences and Exhibitions Management	Social Sciences	Social Sciences
T11696	Conflict Management and Negotiation	Social Sciences	Social Sciences
T12767	Conflict of Laws and Jurisdiction	Social Sciences	Social Sciences
T12936	Conflict, Peace, and Violence in Colombia	Social Sciences	Social Sciences
T12807	Consumer Behavior and Market Dynamics	Social Sciences	Social Sciences
T14167	Consumer behavior in food and health	Social Sciences	Social Sciences
T13041	Contemporary Social and Economic Issues	Social Sciences	Social Sciences
T13300	Contemporary Social and Educational Issues	Social Sciences	Social Sciences
T12231	Contemporary Sociological Theory and Practice	Social Sciences	Social Sciences
T13900	Contemporary and Historical Greek Studies	Social Sciences	Social Sciences
T13421	Contemporary art, education, critique	Social Sciences	Social Sciences
T14361	Corporate Social Responsibility Disclosure	Social Sciences	Social Sciences
T11042	Corruption and Economic Development	Social Sciences	Social Sciences
T10574	Crime Patterns and Interventions	Social Sciences	Social Sciences
T13728	Crime, Deviance, and Social Control	Social Sciences	Social Sciences
T11838	Crime, Illicit Activities, and Governance	Social Sciences	Social Sciences
T10318	Criminal Justice and Corrections Analysis	Social Sciences	Social Sciences
T12736	Criminal Justice and Penology	Social Sciences	Social Sciences
T14493	Criminal Law and Evidence	Social Sciences	Social Sciences
T13376	Criminal Law and Policy	Social Sciences	Social Sciences
T11384	Critical Race Theory in Education	Social Sciences	Social Sciences
T12953	Critical Realism in Sociology	Social Sciences	Social Sciences
T12397	Critical Theory and Philosophy	Social Sciences	Social Sciences
T13351	Critical Theory and Political Philosophy	Social Sciences	Social Sciences
T13737	Critical and Liberation Pedagogy	Social Sciences	Social Sciences
T12690	Cross-Border Cooperation and Integration	Social Sciences	Social Sciences
T13741	Cross-Cultural and Social Analysis	Social Sciences	Social Sciences
T13562	Cruise Tourism Development and Management	Social Sciences	Social Sciences
T12375	Cuban History and Society	Social Sciences	Social Sciences
T12194	Cultural Competency in Health Care	Social Sciences	Social Sciences
T11410	Cultural Industries and Urban Development	Social Sciences	Social Sciences
T12942	Cultural Studies and Postmodernism	Social Sciences	Social Sciences
T14105	Cultural and Artistic Studies	Social Sciences	Social Sciences
T13627	Cultural and Educational Studies	Social Sciences	Social Sciences
T14022	Cultural and Religious Practices in Indonesia	Social Sciences	Social Sciences
T14298	Cultural and Social Studies	Social Sciences	Social Sciences
T13814	Cultural and political discourse analysis	Social Sciences	Social Sciences
T14375	Cultural, Linguistic, Economic Studies	Social Sciences	Social Sciences
T14273	Cultural, Psychoanalytic, and Sociopolitical Reflections	Social Sciences	Social Sciences
T14000	Cultural, Social, and Media Studies	Social Sciences	Social Sciences
T12312	Culture, Economy, and Development Studies	Social Sciences	Social Sciences
T13927	Cyberloafing and Workplace Behavior	Social Sciences	Social Sciences
T12221	Cybersecurity and Cyber Warfare Studies	Social Sciences	Social Sciences
T13576	Cyprus History, Politics, Society	Social Sciences	Social Sciences
T14201	Data Analysis and Archiving	Social Sciences	Social Sciences
T14234	Data Privacy and Cybersecurity	Social Sciences	Social Sciences
T14208	Death, Funerary Practices, and Mourning	Social Sciences	Social Sciences
T13455	Decadence, Literature, and Society	Social Sciences	Social Sciences
T14123	Decolonial Thought and Epistemologies	Social Sciences	Social Sciences
T12443	Delphi Technique in Research	Social Sciences	Social Sciences
T12728	Demographic Trends and Gender Preferences	Social Sciences	Social Sciences
T14053	Dengue and Mosquito Control Research	Social Sciences	Social Sciences
T14418	Development, Ethics, and Society	Social Sciences	Social Sciences
T11648	Diaspora, migration, transnational identity	Social Sciences	Social Sciences
T12481	Digital Accessibility for Disabilities	Social Sciences	Social Sciences
T12501	Digital Economy and Work Transformation	Social Sciences	Social Sciences
T11197	Digital Games and Media	Social Sciences	Social Sciences
T10609	Digital Marketing and Social Media	Social Sciences	Social Sciences
T13364	Digitalization, Law, and Regulation	Social Sciences	Social Sciences
T11514	Disability Education and Employment	Social Sciences	Social Sciences
T11003	Disability Rights and Representation	Social Sciences	Social Sciences
T10747	Disaster Management and Resilience	Social Sciences	Social Sciences
T14159	Discourse Analysis and Cultural Communication	Social Sciences	Social Sciences
T13170	Discrimination and Equality Law	Social Sciences	Social Sciences
T14504	Diverse Academic Research Analysis	Social Sciences	Social Sciences
T14283	Diverse Academic Research Areas	Social Sciences	Social Sciences
T13786	Diverse Academic Research Studies	Social Sciences	Social Sciences
T13550	Diverse Applied Research Studies	Social Sciences	Social Sciences
T10055	Diverse Aspects of Tourism Research	Social Sciences	Social Sciences
T14379	Diverse Cultural and Historical Studies	Social Sciences	Social Sciences
T13780	Diverse Education Studies and Reforms	Social Sciences	Social Sciences
T13930	Diverse Education and Engineering Focus	Social Sciences	Social Sciences
T14073	Diverse Global Research Studies	Social Sciences	Social Sciences
T14111	Diverse Research Studies Overview	Social Sciences	Social Sciences
T14233	Diverse Topics in Contemporary Research	Social Sciences	Social Sciences
T13753	Diverse multidisciplinary academic research	Social Sciences	Social Sciences
T10843	Diversity and Career in Medicine	Social Sciences	Social Sciences
T12700	Doping in Sports	Social Sciences	Social Sciences
T13064	Dutch Social and Cultural Studies	Social Sciences	Social Sciences
T10953	E-Government and Public Services	Social Sciences	Social Sciences
T14240	E-Learning and COVID-19	Social Sciences	Social Sciences
T14448	EU Law and Policy Analysis	Social Sciences	Social Sciences
T10589	Early Childhood Education and Development	Social Sciences	Social Sciences
T13800	Earthquake and Disaster Impact Studies	Social Sciences	Social Sciences
T14005	Eastern European Communism and Reforms	Social Sciences	Social Sciences
T12969	Economic and Social Development	Social Sciences	Social Sciences
T13360	Economic and Social Issues	Social Sciences	Social Sciences
T12667	Economic and Technological Developments in Russia	Social Sciences	Social Sciences
T14087	Economic, Educational, Environmental and Organizational Development	Social Sciences	Social Sciences
T12474	Education Discipline and Inequality	Social Sciences	Social Sciences
T14290	Education Methods and Practices	Social Sciences	Social Sciences
T12826	Education Methods and Technologies	Social Sciences	Social Sciences
T10457	Education Pedagogy and Practices	Social Sciences	Social Sciences
T14482	Education Practices and Evaluation	Social Sciences	Social Sciences
T13532	Education Systems and Policy	Social Sciences	Social Sciences
T14205	Education and Art Integration	Social Sciences	Social Sciences
T14449	Education and Character Development	Social Sciences	Social Sciences
T14060	Education and Communication Studies	Social Sciences	Social Sciences
T11715	Education and Critical Thinking Development	Social Sciences	Social Sciences
T12928	Education and Cultural Studies	Social Sciences	Social Sciences
T12573	Education and Digital Technologies	Social Sciences	Social Sciences
T12998	Education and Islamic Studies	Social Sciences	Social Sciences
T13762	Education and Labor Relations	Social Sciences	Social Sciences
T14136	Education and Military Integration	Social Sciences	Social Sciences
T13658	Education and Professional Development	Social Sciences	Social Sciences
T13564	Education and Public Policy	Social Sciences	Social Sciences
T13652	Education and Social Development in Ukraine	Social Sciences	Social Sciences
T14483	Education and Teacher Training	Social Sciences	Social Sciences
T13412	Education and Technology Integration	Social Sciences	Social Sciences
T14274	Education and Vocational Training	Social Sciences	Social Sciences
T14458	Education and Work Dynamics	Social Sciences	Social Sciences
T13063	Education and experiences of immigrants and refugees	Social Sciences	Social Sciences
T13084	Education during COVID-19 pandemic	Social Sciences	Social Sciences
T13620	Education for Peace and Conflict Resolution	Social Sciences	Social Sciences
T13709	Education in Diverse Contexts	Social Sciences	Social Sciences
T14033	Education in Rural Contexts	Social Sciences	Social Sciences
T13958	Education, Innovation and Language Studies	Social Sciences	Social Sciences
T14171	Education, Law, and Society	Social Sciences	Social Sciences
T13395	Education, Leadership, and Health Research	Social Sciences	Social Sciences
T14471	Education, Literature, Philosophy Research	Social Sciences	Social Sciences
T13698	Education, Politics, and Culture Studies	Social Sciences	Social Sciences
T13085	Education, Psychology, and Social Research	Social Sciences	Social Sciences
T14203	Education, Safety, and Science Studies	Social Sciences	Social Sciences
T14125	Education, Sociology, Communication Studies	Social Sciences	Social Sciences
T10153	Education, sociology, and vocational training	Social Sciences	Social Sciences
T12884	Educational Assessment and Pedagogy	Social Sciences	Social Sciences
T13830	Educational Curriculum and Learning Methods	Social Sciences	Social Sciences
T12950	Educational Environments and Student Outcomes	Social Sciences	Social Sciences
T13299	Educational Leadership and Administration	Social Sciences	Social Sciences
T13895	Educational Leadership and Innovation	Social Sciences	Social Sciences
T13884	Educational Leadership and Practices	Social Sciences	Social Sciences
T12556	Educational Methods and Analysis	Social Sciences	Social Sciences
T14462	Educational Methods and Impacts	Social Sciences	Social Sciences
T12931	Educational Methods and Outcomes	Social Sciences	Social Sciences
T14271	Educational Methods and Psychological Studies	Social Sciences	Social Sciences
T13929	Educational Outcomes and Influences	Social Sciences	Social Sciences
T14421	Educational Philosophies and Pedagogies	Social Sciences	Social Sciences
T14227	Educational Practices and Challenges	Social Sciences	Social Sciences
T14061	Educational Practices and Policies	Social Sciences	Social Sciences
T14425	Educational Practices and Sociocultural Research	Social Sciences	Social Sciences
T13349	Educational Research and Analysis	Social Sciences	Social Sciences
T10561	Educational Research and Methods	Social Sciences	Social Sciences
T13416	Educational Theory and Curriculum Studies	Social Sciences	Social Sciences
T14236	Educational Tools and Methods	Social Sciences	Social Sciences
T12925	Educational and Social Studies	Social Sciences	Social Sciences
T10437	Educational theories and practices	Social Sciences	Social Sciences
T13835	Educational, Social, and Political Issues	Social Sciences	Social Sciences
T11859	Educator Training and Historical Pedagogy	Social Sciences	Social Sciences
T12462	Elder Abuse and Neglect	Social Sciences	Social Sciences
T10108	Electoral Systems and Political Participation	Social Sciences	Social Sciences
T14140	Elite Sociology and Global Capitalism	Social Sciences	Social Sciences
T12839	Emile Durkheim and Sociology	Social Sciences	Social Sciences
T12284	Emotional Labor in Professions	Social Sciences	Social Sciences
T14309	Employee Performance and Management	Social Sciences	Social Sciences
T13911	Employment, Labor, and Gender Studies	Social Sciences	Social Sciences
T14250	Energy and Environmental Systems	Social Sciences	Social Sciences
T14218	Engineering Education and Global Impact	Social Sciences	Social Sciences
T12259	Environmental Justice and Health Disparities	Social Sciences	Social Sciences
T12895	Environmental law and policy	Social Sciences	Social Sciences
T13469	Environmental, Ecological, and Cultural Studies	Social Sciences	Social Sciences
T10883	Ethics and Social Impacts of AI	Social Sciences	Social Sciences
T12890	Eurasian Exchange Networks	Social Sciences	Social Sciences
T12921	European Criminal Justice and Data Protection	Social Sciences	Social Sciences
T13914	European Cultural and National Identity	Social Sciences	Social Sciences
T14255	European Law and Migration	Social Sciences	Social Sciences
T14332	European Linguistics and Anthropology	Social Sciences	Social Sciences
T14302	European Politics and Security	Social Sciences	Social Sciences
T10289	European Union Policy and Governance	Social Sciences	Social Sciences
T12374	European and International Contract Law	Social Sciences	Social Sciences
T13710	European and International Law Studies	Social Sciences	Social Sciences
T13369	European and Russian Geopolitical Military Strategies	Social Sciences	Social Sciences
T12645	European history and politics	Social Sciences	Social Sciences
T11039	Evaluation of Teaching Practices	Social Sciences	Social Sciences
T14241	Evasion and Academic Success Factors	Social Sciences	Social Sciences
T11252	Evolutionary Game Theory and Cooperation	Social Sciences	Social Sciences
T14268	Evolving Legal Systems and Governance	Social Sciences	Social Sciences
T10646	Experimental Behavioral Economics Studies	Social Sciences	Social Sciences
T13687	Extractivism and Socioeconomic Issues	Social Sciences	Social Sciences
T10585	Family Dynamics and Relationships	Social Sciences	Social Sciences
T13574	Family Support in Illness	Social Sciences	Social Sciences
T13096	Family and Matrimonial Law	Social Sciences	Social Sciences
T13783	Feminism, Gender, and Intersectionality	Social Sciences	Social Sciences
T13926	Feminism, Gender, and Sexuality Studies	Social Sciences	Social Sciences
T14439	Feminism, Gender, and Social Issues	Social Sciences	Social Sciences
T12320	Feminist Epistemology and Gender Studies	Social Sciences	Social Sciences
T14315	Feminist Theory and Gender Studies	Social Sciences	Social Sciences
T13969	Flooding and Environmental Impact	Social Sciences	Social Sciences
T12679	Focus Groups and Qualitative Methods	Social Sciences	Social Sciences
T13978	Foreign Language Teaching Methods	Social Sciences	Social Sciences
T13192	Forensic Fingerprint Detection Methods	Social Sciences	Social Sciences
T14391	Forest, Soil, and Plant Ecology in China	Social Sciences	Social Sciences
T12295	Foucault, Power, and Ethics	Social Sciences	Social Sciences
T14432	Freedom of Expression and Defamation	Social Sciences	Social Sciences
T13152	French Language Learning Methods	Social Sciences	Social Sciences
T11475	French Urban and Social Studies	Social Sciences	Social Sciences
T14052	Galician and Iberian cultural studies	Social Sciences	Social Sciences
T11047	Gender Diversity and Inequality	Social Sciences	Social Sciences
T11432	Gender Politics and Representation	Social Sciences	Social Sciences
T11888	Gender Roles and Identity Studies	Social Sciences	Social Sciences
T13700	Gender Studies and Social Issues	Social Sciences	Social Sciences
T13173	Gender Studies in Language	Social Sciences	Social Sciences
T12275	Gender and Feminist Studies	Social Sciences	Social Sciences
T12515	Gender and Technology in Education	Social Sciences	Social Sciences
T13948	Gender and Women's Rights	Social Sciences	Social Sciences
T13040	Gender, Education, and Development Issues	Social Sciences	Social Sciences
T11540	Gender, Feminism, and Media	Social Sciences	Social Sciences
T13503	Gender, Health, and Social Inequality	Social Sciences	Social Sciences
T11544	Gender, Labor, and Family Dynamics	Social Sciences	Social Sciences
T11863	Gender, Security, and Conflict	Social Sciences	Social Sciences
T11906	Gender, Sexuality, and Education	Social Sciences	Social Sciences
T13617	Gender, Violence, Rights in Latin America	Social Sciences	Social Sciences
T14088	Generational Differences and Trends	Social Sciences	Social Sciences
T10757	Geographic Information Systems Studies	Social Sciences	Social Sciences
T11420	Geographies of human-animal interactions	Social Sciences	Social Sciences
T12343	Geography Education and Pedagogy	Social Sciences	Social Sciences
T13306	Geography and Education Methods	Social Sciences	Social Sciences
T13977	Geography and Environmental Studies in Latin America	Social Sciences	Social Sciences
T13021	Geology and Environmental Impact Studies	Social Sciences	Social Sciences
T13572	German Security and Defense Policies	Social Sciences	Social Sciences
T13212	German Social Sciences and History	Social Sciences	Social Sciences
T13537	German legal, social, and political studies	Social Sciences	Social Sciences
T14383	Global Development and Urbanization	Social Sciences	Social Sciences
T13789	Global Education Systems and Policies	Social Sciences	Social Sciences
T12545	Global Education and Multiculturalism	Social Sciences	Social Sciences
T11300	Global Educational Policies and Reforms	Social Sciences	Social Sciences
T13566	Global Educational Reforms and Inequalities	Social Sciences	Social Sciences
T13631	Global History, Politics, and Ideology	Social Sciences	Social Sciences
T13215	Global Maritime and Colonial Histories	Social Sciences	Social Sciences
T12752	Global Peace and Security Dynamics	Social Sciences	Social Sciences
T14349	Global Political and Economic Relations	Social Sciences	Social Sciences
T14429	Global Political and Social Dynamics	Social Sciences	Social Sciences
T13055	Global Security and Public Health	Social Sciences	Social Sciences
T12483	Global Urban Networks and Dynamics	Social Sciences	Social Sciences
T14031	Global and Cross-Cultural Management	Social Sciences	Social Sciences
T13755	Global socioeconomic and cultural dynamics	Social Sciences	Social Sciences
T12903	Globalization and Cultural Identity	Social Sciences	Social Sciences
T14352	Globalization and Economic Impact	Social Sciences	Social Sciences
T13995	Globalization and political ideologies	Social Sciences	Social Sciences
T13787	Globalization, Historical Perspectives, and International Relations	Social Sciences	Social Sciences
T13229	Gothic Literature and Media Analysis	Social Sciences	Social Sciences
T13573	Government, Law, and Information Management	Social Sciences	Social Sciences
T12265	Gun Ownership and Violence Research	Social Sciences	Social Sciences
T13586	HIV, TB, and STIs Epidemiology	Social Sciences	Social Sciences
T12651	Halal products and consumer behavior	Social Sciences	Social Sciences
T12723	Hannah Arendt's Political Philosophy	Social Sciences	Social Sciences
T13117	Health Education and Validation	Social Sciences	Social Sciences
T14161	Health and Education Studies	Social Sciences	Social Sciences
T10235	Health disparities and outcomes	Social Sciences	Social Sciences
T13974	Health, Education, and Aging	Social Sciences	Social Sciences
T13613	Health, Education, and Cultural Studies	Social Sciences	Social Sciences
T14152	Healthcare Facilities Design and Sustainability	Social Sciences	Social Sciences
T13594	Healthcare innovation and challenges	Social Sciences	Social Sciences
T10546	Higher Education Governance and Development	Social Sciences	Social Sciences
T13844	Higher Education Learning Practices	Social Sciences	Social Sciences
T14207	Higher Education Practises and Engagement	Social Sciences	Social Sciences
T10267	Higher Education Research Studies	Social Sciences	Social Sciences
T12217	Higher Education Teaching and Evaluation	Social Sciences	Social Sciences
T11779	Higher Education and Employability	Social Sciences	Social Sciences
T13464	Higher Education and Sustainability	Social Sciences	Social Sciences
T13403	Higher Education in Latin America	Social Sciences	Social Sciences
T13897	Historical Economic and Legal Thought	Social Sciences	Social Sciences
T13570	Historical Education Studies Worldwide	Social Sciences	Social Sciences
T14480	Historical Education and Society	Social Sciences	Social Sciences
T14238	Historical Gender and Feminism Studies	Social Sciences	Social Sciences
T13854	Historical Geography and Cartography	Social Sciences	Social Sciences
T12853	Historical Geography and Geographical Thought	Social Sciences	Social Sciences
T13993	Historical Geopolitical and Social Dynamics	Social Sciences	Social Sciences
T13556	Historical Influence and Diplomacy	Social Sciences	Social Sciences
T13763	Historical Legal Studies and Society	Social Sciences	Social Sciences
T13460	Historical Studies in Latin America	Social Sciences	Social Sciences
T13210	Historical Turkish Studies	Social Sciences	Social Sciences
T12532	Historical and Cultural Archaeology Studies	Social Sciences	Social Sciences
T13622	Historical and Environmental Studies	Social Sciences	Social Sciences
T14210	Historical and Linguistic Studies	Social Sciences	Social Sciences
T14162	Historical and Literary Studies	Social Sciences	Social Sciences
T14237	Historical and Political Studies	Social Sciences	Social Sciences
T14043	Historical and modern epidemiology studies	Social Sciences	Social Sciences
T14004	History and Cultural Heritage	Social Sciences	Social Sciences
T14032	History and International Relations	Social Sciences	Social Sciences
T12563	History and Politics in Latin America	Social Sciences	Social Sciences
T12512	History of Colonial Brazil	Social Sciences	Social Sciences
T13998	History, Medicine, and Leadership	Social Sciences	Social Sciences
T13605	Homicide, Infanticide, and Child Abuse	Social Sciences	Social Sciences
T12785	Hong Kong and Taiwan Politics	Social Sciences	Social Sciences
T11980	Human Mobility and Location-Based Analysis	Social Sciences	Social Sciences
T13406	Human Resources and Workforce	Social Sciences	Social Sciences
T13035	Human Rights and Development	Social Sciences	Social Sciences
T14490	Human Rights and Immigration	Social Sciences	Social Sciences
T13724	Humanities and Social Sciences	Social Sciences	Social Sciences
T14371	Hume's philosophy and hair distribution	Social Sciences	Social Sciences
T13749	Hungarian Social, Economic and Educational Studies	Social Sciences	Social Sciences
T13132	Hydropower, Displacement, Environmental Impact	Social Sciences	Social Sciences
T13161	Ideological and Political Education	Social Sciences	Social Sciences
T13694	Immigration Law and Human Rights	Social Sciences	Social Sciences
T12711	Immigration and Intercultural Education	Social Sciences	Social Sciences
T14122	Impact of Education Environments	Social Sciences	Social Sciences
T10355	Impact of Technology on Adolescents	Social Sciences	Social Sciences
T12948	Inclusion and Disability in Education and Sport	Social Sciences	Social Sciences
T12591	Inclusive Education and Diversity	Social Sciences	Social Sciences
T10446	Income, Poverty, and Inequality	Social Sciences	Social Sciences
T13864	Indigenous Cultures and History	Social Sciences	Social Sciences
T13448	Indigenous Cultures and Socio-Education	Social Sciences	Social Sciences
T10348	Indigenous Health, Education, and Rights	Social Sciences	Social Sciences
T13879	Indigenous Peoples' Rights and Law	Social Sciences	Social Sciences
T13266	Indigenous Studies in Latin America	Social Sciences	Social Sciences
T14007	Indigenous and Place-Based Education	Social Sciences	Social Sciences
T13476	Indonesian Election Politics and Participation	Social Sciences	Social Sciences
T14291	Indonesian Legal and Regulatory Studies	Social Sciences	Social Sciences
T13066	Information Society and Technology Trends	Social Sciences	Social Sciences
T11024	Information Systems Theories and Implementation	Social Sciences	Social Sciences
T13952	Information Technology and Learning	Social Sciences	Social Sciences
T14350	Innovation, Sustainability, Human-Machine Systems	Social Sciences	Social Sciences
T14389	Innovation, Technology, and Society	Social Sciences	Social Sciences
T12354	Innovations in Educational Methods	Social Sciences	Social Sciences
T11466	Innovative Education and Learning Practices	Social Sciences	Social Sciences
T13903	Innovative Educational Techniques	Social Sciences	Social Sciences
T12978	Innovative Teaching Methodologies in Social Sciences	Social Sciences	Social Sciences
T11526	Innovative Teaching Methods	Social Sciences	Social Sciences
T12011	Insurance, Mortality, Demography, Risk Management	Social Sciences	Social Sciences
T13842	Intellectual Property Law	Social Sciences	Social Sciences
T14457	Intellectual Property Rights and Media	Social Sciences	Social Sciences
T12572	Intelligence, Security, War Strategy	Social Sciences	Social Sciences
T14176	Interdisciplinary Cultural and Social Studies	Social Sciences	Social Sciences
T14023	Interdisciplinary Studies and Sociocultural Dynamics	Social Sciences	Social Sciences
T11712	Intergenerational Family Dynamics and Caregiving	Social Sciences	Social Sciences
T12088	Intergenerational and Educational Inequality Studies	Social Sciences	Social Sciences
T11168	International Development and Aid	Social Sciences	Social Sciences
T13942	International Human Rights and Reproductive Law	Social Sciences	Social Sciences
T13773	International Labor and Employment Law	Social Sciences	Social Sciences
T14515	International Law and Aviation	Social Sciences	Social Sciences
T10749	International Law and Human Rights	Social Sciences	Social Sciences
T14016	International Relations and Autism	Social Sciences	Social Sciences
T10053	International Relations and Foreign Policy	Social Sciences	Social Sciences
T13352	International Relations in Latin America	Social Sciences	Social Sciences
T13726	International Science and Diplomacy	Social Sciences	Social Sciences
T10907	International Student and Expatriate Challenges	Social Sciences	Social Sciences
T10380	Intimate Partner and Family Violence	Social Sciences	Social Sciences
T11776	Irish and British Studies	Social Sciences	Social Sciences
T14281	Islamic Finance and Communication	Social Sciences	Social Sciences
T14340	Islamic Social Reporting	Social Sciences	Social Sciences
T10794	Islamic Studies and History	Social Sciences	Social Sciences
T14110	Islamic Studies and Radicalism	Social Sciences	Social Sciences
T12629	Island Studies and Pacific Affairs	Social Sciences	Social Sciences
T12337	Italian Fascism and Post-war Society	Social Sciences	Social Sciences
T13692	Italian Social Issues and Migration	Social Sciences	Social Sciences
T11198	Japanese History and Culture	Social Sciences	Social Sciences
T13784	Jewish Identity and Society	Social Sciences	Social Sciences
T11203	Jewish and Middle Eastern Studies	Social Sciences	Social Sciences
T13625	Journalism and Media Studies	Social Sciences	Social Sciences
T10802	Judicial and Constitutional Studies	Social Sciences	Social Sciences
T13583	Jury Decision Making Processes	Social Sciences	Social Sciences
T12028	Knowledge Management and Sharing	Social Sciences	Social Sciences
T13273	Knowledge Management in Higher Education	Social Sciences	Social Sciences
T14070	Knowledge Societies in the 21st Century	Social Sciences	Social Sciences
T13337	Korean Peninsula Historical and Political Studies	Social Sciences	Social Sciences
T14003	Labor Law and Work Dynamics	Social Sciences	Social Sciences
T11421	Labor Movements and Unions	Social Sciences	Social Sciences
T13989	Labour Market and Migration	Social Sciences	Social Sciences
T14336	Land Use and Management	Social Sciences	Social Sciences
T12658	Language and Culture	Social Sciences	Social Sciences
T12090	Language and cultural evolution	Social Sciences	Social Sciences
T13795	Language, Communication, and Linguistic Studies	Social Sciences	Social Sciences
T12498	Latin American Cultural Politics	Social Sciences	Social Sciences
T14188	Latin American Legal and Economic Studies	Social Sciences	Social Sciences
T13134	Latin American Literature Studies	Social Sciences	Social Sciences
T12273	Latin American Urban Studies	Social Sciences	Social Sciences
T12242	Latin American and Latino Studies	Social Sciences	Social Sciences
T14253	Latin American social science	Social Sciences	Social Sciences
T12609	Latin American socio-political dynamics	Social Sciences	Social Sciences
T12954	Law and Political Science	Social Sciences	Social Sciences
T13877	Law in Society and Culture	Social Sciences	Social Sciences
T14288	Law, Rights, and Freedoms	Social Sciences	Social Sciences
T14338	Leadership, Human Resources, Global Affairs	Social Sciences	Social Sciences
T12755	Legal Education and Practice Innovations	Social Sciences	Social Sciences
T14017	Legal Issues in Education	Social Sciences	Social Sciences
T12775	Legal Issues in South Africa	Social Sciences	Social Sciences
T13501	Legal Issues in Turkey	Social Sciences	Social Sciences
T14013	Legal Language and Interpretation	Social Sciences	Social Sciences
T14259	Legal Rights and Human Rights	Social Sciences	Social Sciences
T11876	Legal Studies and Policies	Social Sciences	Social Sciences
T13875	Legal Studies and Reforms	Social Sciences	Social Sciences
T13075	Legal Systems and Judicial Processes	Social Sciences	Social Sciences
T14397	Legal and Policy Analysis in Indonesia	Social Sciences	Social Sciences
T14258	Legal and Policy Issues	Social Sciences	Social Sciences
T13154	Legal and Regulatory Analysis	Social Sciences	Social Sciences
T13101	Legal and Social Justice Studies	Social Sciences	Social Sciences
T14300	Legal and Social Philosophy	Social Sciences	Social Sciences
T13665	Legal and cultural studies analysis	Social Sciences	Social Sciences
T12633	Legal case studies and regulations	Social Sciences	Social Sciences
T12982	Legal principles and applications	Social Sciences	Social Sciences
T14115	Legal processes and jurisprudence	Social Sciences	Social Sciences
T12289	Library Science and Administration	Social Sciences	Social Sciences
T10712	Library Science and Information Literacy	Social Sciences	Social Sciences
T11640	Linguistic Variation and Morphology	Social Sciences	Social Sciences
T13727	Linguistic and Sociocultural Studies	Social Sciences	Social Sciences
T14235	Linguistic, Cultural, and Literary Studies	Social Sciences	Social Sciences
T13061	Literacy and Educational Practices	Social Sciences	Social Sciences
T13589	Literary and Cultural Studies	Social Sciences	Social Sciences
T14036	Literary and Philosophical Studies	Social Sciences	Social Sciences
T13707	Literature, Language, and Rhetoric Studies	Social Sciences	Social Sciences
T14095	Literature, Musicology, and Cultural Analysis	Social Sciences	Social Sciences
T14219	Local Economic Development and Planning	Social Sciences	Social Sciences
T13285	Local Governance and Development	Social Sciences	Social Sciences
T13247	Local Governance and Planning	Social Sciences	Social Sciences
T11461	Local Government Finance and Decentralization	Social Sciences	Social Sciences
T12985	Maritime Security and History	Social Sciences	Social Sciences
T14348	Marriage and Family Dynamics	Social Sciences	Social Sciences
T13632	Marriage and Sexual Relationships	Social Sciences	Social Sciences
T13730	Martial Arts: Techniques, Psychology, and Education	Social Sciences	Social Sciences
T10130	Mathematics Education and Teaching Techniques	Social Sciences	Social Sciences
T13947	Media Discourse and Social  Analysis	Social Sciences	Social Sciences
T13718	Media Influence and Politics	Social Sciences	Social Sciences
T10133	Media Studies and Communication	Social Sciences	Social Sciences
T13799	Media and Communication Studies	Social Sciences	Social Sciences
T13317	Media, Communication, and Education	Social Sciences	Social Sciences
T12908	Media, Gender, and Advertising	Social Sciences	Social Sciences
T14044	Medical and Agricultural Research Studies	Social Sciences	Social Sciences
T14200	Medical, Sociocultural, and Biopolitical Studies	Social Sciences	Social Sciences
T13739	Medieval and Early Modern Justice	Social Sciences	Social Sciences
T14476	Mental Health and Well-being	Social Sciences	Social Sciences
T13742	Metallurgy and Cultural Artifacts	Social Sciences	Social Sciences
T14084	Methodology and Impact of Social Science Research	Social Sciences	Social Sciences
T13103	Middle East Politics and Society	Social Sciences	Social Sciences
T13634	Middle East and Rwanda Conflicts	Social Sciences	Social Sciences
T14062	Migration and Exile Studies	Social Sciences	Social Sciences
T10349	Migration and Labor Dynamics	Social Sciences	Social Sciences
T12783	Migration, Aging, and Tourism Studies	Social Sciences	Social Sciences
T12861	Migration, Education, Indigenous Social Dynamics	Social Sciences	Social Sciences
T12693	Migration, Ethnicity, and Economy	Social Sciences	Social Sciences
T14466	Migration, Health, Geopolitics, Historical Geography	Social Sciences	Social Sciences
T13534	Migration, Identity, and Health	Social Sciences	Social Sciences
T14292	Migration, Policy, and Dickens Studies	Social Sciences	Social Sciences
T14226	Migration, Racism, and Human Rights	Social Sciences	Social Sciences
T10216	Migration, Refugees, and Integration	Social Sciences	Social Sciences
T13494	Military History and Strategy	Social Sciences	Social Sciences
T14086	Military and Defense Studies	Social Sciences	Social Sciences
T14190	Military history and social perspectives	Social Sciences	Social Sciences
T14342	Military, Security, and Education Studies	Social Sciences	Social Sciences
T13549	Minority Rights and Languages	Social Sciences	Social Sciences
T11147	Misinformation and Its Impacts	Social Sciences	Social Sciences
T14251	Multicultural Education and Local Wisdom	Social Sciences	Social Sciences
T14142	Multicultural Socio-Legal Studies	Social Sciences	Social Sciences
T13379	Multiculturalism, Politics, Migration, Gender	Social Sciences	Social Sciences
T12913	Multidisciplinary Research Papers Compilation	Social Sciences	Social Sciences
T14196	Multidisciplinary Warburg-centric Studies	Social Sciences	Social Sciences
T10265	Multilingual Education and Policy	Social Sciences	Social Sciences
T12720	Multimedia Communication and Technology	Social Sciences	Social Sciences
T14287	Music Education and Analysis	Social Sciences	Social Sciences
T12970	Names, Identity, and Discrimination Research	Social Sciences	Social Sciences
T13824	National Identity and Symbolism	Social Sciences	Social Sciences
T13865	Nationalism and Cultural Identity	Social Sciences	Social Sciences
T13581	New Caledonia Indigenous Studies	Social Sciences	Social Sciences
T13850	Night-time city culture	Social Sciences	Social Sciences
T11120	Nonprofit Sector and Volunteering	Social Sciences	Social Sciences
T13120	Nuclear Issues and Defense	Social Sciences	Social Sciences
T14168	Occupational Health and Global Justice	Social Sciences	Social Sciences
T13659	Ombudsman and Human Rights	Social Sciences	Social Sciences
T11101	Online Learning Methods and Innovations	Social Sciences	Social Sciences
T10162	Online and Blended Learning	Social Sciences	Social Sciences
T13441	Ottoman Empire History and Society	Social Sciences	Social Sciences
T12473	Pacific and Southeast Asian Studies	Social Sciences	Social Sciences
T13348	Pancasila Values in Education	Social Sciences	Social Sciences
T11676	Parental Involvement in Education	Social Sciences	Social Sciences
T11944	Participatory Visual Research Methods	Social Sciences	Social Sciences
T13014	Peace and Human Rights Education	Social Sciences	Social Sciences
T12263	Peacebuilding and International Security	Social Sciences	Social Sciences
T12872	Philippine History and Culture	Social Sciences	Social Sciences
T14198	Philosophical Thought and Analysis	Social Sciences	Social Sciences
T13660	Philosophical and Historical Studies	Social Sciences	Social Sciences
T13635	Philosophy and Education Pedagogy	Social Sciences	Social Sciences
T13671	Philosophy and Phenomenology Studies	Social Sciences	Social Sciences
T13119	Philosophy and Social Theory	Social Sciences	Social Sciences
T14080	Philosophy, Sociology, Political Theory	Social Sciences	Social Sciences
T13936	Physical Education and Gymnastics	Social Sciences	Social Sciences
T13296	Physical Education and Sports Studies	Social Sciences	Social Sciences
T12143	Place Attachment and Urban Studies	Social Sciences	Social Sciences
T10421	Pleistocene-Era Hominins and Archaeology	Social Sciences	Social Sciences
T11076	Policing Practices and Perceptions	Social Sciences	Social Sciences
T12210	Policy Transfer and Learning	Social Sciences	Social Sciences
T12764	Polish Historical and Cultural Studies	Social Sciences	Social Sciences
T12939	Polish Law and Legal System	Social Sciences	Social Sciences
T13139	Polish Legal and Social Issues	Social Sciences	Social Sciences
T10070	Political Conflict and Governance	Social Sciences	Social Sciences
T13598	Political Developments and Conflicts	Social Sciences	Social Sciences
T13684	Political Dynamics in Latin America	Social Sciences	Social Sciences
T11743	Political Economy and Marxism	Social Sciences	Social Sciences
T10718	Political Philosophy and Ethics	Social Sciences	Social Sciences
T13721	Political Science Research and Education	Social Sciences	Social Sciences
T12619	Political Systems and Governance	Social Sciences	Social Sciences
T12311	Political Theology and Sovereignty	Social Sciences	Social Sciences
T13291	Political Theory and Democracy	Social Sciences	Social Sciences
T13196	Political Theory and Influence	Social Sciences	Social Sciences
T13158	Political and Economic history of UK and US	Social Sciences	Social Sciences
T13078	Political and Social Dynamics in Chile and Latin America	Social Sciences	Social Sciences
T14402	Political and Social Issues	Social Sciences	Social Sciences
T13764	Political theory and Gramsci	Social Sciences	Social Sciences
T12550	Politics and Conflicts in Afghanistan, Pakistan, and Middle East	Social Sciences	Social Sciences
T10777	Politics and Society in Latin America	Social Sciences	Social Sciences
T11397	Populism, Right-Wing Movements	Social Sciences	Social Sciences
T14433	Post-Communist Economic and Political Transition	Social Sciences	Social Sciences
T13086	Post-Soviet Geopolitical Dynamics	Social Sciences	Social Sciences
T10738	Posthumanist Ethics and Activism	Social Sciences	Social Sciences
T11556	Poverty, Education, and Child Welfare	Social Sciences	Social Sciences
T11045	Privacy, Security, and Data Protection	Social Sciences	Social Sciences
T11299	Problem and Project Based Learning	Social Sciences	Social Sciences
T13357	Property Rights and Legal Doctrine	Social Sciences	Social Sciences
T12864	Psychoanalysis and Social Critique	Social Sciences	Social Sciences
T14075	Psychodrama and Leishmaniasis Studies	Social Sciences	Social Sciences
T13701	Psycholinguistics and Behavioral Studies	Social Sciences	Social Sciences
T13841	Psychology of Social Influence	Social Sciences	Social Sciences
T13521	Psychosocial Factors Impacting Youth	Social Sciences	Social Sciences
T13988	Public Administration and Governance	Social Sciences	Social Sciences
T13459	Public Administration and Political Analysis	Social Sciences	Social Sciences
T12687	Public Administration in Developing Nations	Social Sciences	Social Sciences
T13633	Public Health and Social Inequalities	Social Sciences	Social Sciences
T13915	Public Health in Brazil	Social Sciences	Social Sciences
T10213	Public Policy and Administration Research	Social Sciences	Social Sciences
T12902	Public Policy and Governance	Social Sciences	Social Sciences
T11121	Public Relations and Crisis Communication	Social Sciences	Social Sciences
T13699	Public Spaces through Art	Social Sciences	Social Sciences
T14209	Public health and occupational medicine	Social Sciences	Social Sciences
T13051	Qualitative Comparative Analysis Research	Social Sciences	Social Sciences
T12880	Qualitative Research Methods and Applications	Social Sciences	Social Sciences
T11981	Qualitative Research Methods and Ethics	Social Sciences	Social Sciences
T13662	Qualitative research in health	Social Sciences	Social Sciences
T14440	Quality of Life Measurement	Social Sciences	Social Sciences
T13646	Qur’anic Interpretation Studies	Social Sciences	Social Sciences
T12765	Race, History, and American Society	Social Sciences	Social Sciences
T12109	Race, Identity, and Education in Brazil	Social Sciences	Social Sciences
T10652	Racial and Ethnic Identity Research	Social Sciences	Social Sciences
T13321	Radio, Podcasts, and Digital Media	Social Sciences	Social Sciences
T12500	Reflective Practices in Education	Social Sciences	Social Sciences
T13003	Regional Development and Environment	Social Sciences	Social Sciences
T12636	Regional Development and Innovation	Social Sciences	Social Sciences
T12961	Regional Development and Policy	Social Sciences	Social Sciences
T13618	Regional Socio-Economic Development Trends	Social Sciences	Social Sciences
T11507	Religion and Society Interactions	Social Sciences	Social Sciences
T12987	Religion and Society in Latin America	Social Sciences	Social Sciences
T14228	Religion and Sociopolitical Dynamics in Nigeria	Social Sciences	Social Sciences
T13059	Religion, Ecology, and Ethics	Social Sciences	Social Sciences
T13456	Religion, Society, and Development	Social Sciences	Social Sciences
T10509	Religion, Spirituality, and Psychology	Social Sciences	Social Sciences
T14441	Religion, Theology, History, Judaism, Christianity	Social Sciences	Social Sciences
T12616	Religious Education and Schools	Social Sciences	Social Sciences
T13336	Religious Freedom and Discrimination	Social Sciences	Social Sciences
T12798	Religious Tourism and Spaces	Social Sciences	Social Sciences
T13823	Religious and Theological Studies	Social Sciences	Social Sciences
T14337	Religious, Philosophical, and Educational Studies	Social Sciences	Social Sciences
T13184	Research in Social Sciences	Social Sciences	Social Sciences
T11631	Retirement, Disability, and Employment	Social Sciences	Social Sciences
T11573	Risk Perception and Management	Social Sciences	Social Sciences
T13425	Rural and Ethnic Education	Social Sciences	Social Sciences
T13186	Russia and Soviet political economy	Social Sciences	Social Sciences
T12966	Russian Literature and Bakhtin Studies	Social Sciences	Social Sciences
T13053	SMEs Development and Digital Marketing	Social Sciences	Social Sciences
T12590	STEM Education	Social Sciences	Social Sciences
T10674	School Choice and Performance	Social Sciences	Social Sciences
T12952	School Leadership and Teacher Performance	Social Sciences	Social Sciences
T10072	Science Education and Pedagogy	Social Sciences	Social Sciences
T14376	Science and Education Research	Social Sciences	Social Sciences
T14487	Science and Science Education	Social Sciences	Social Sciences
T13492	Science, Technology, and Education in Latin America	Social Sciences	Social Sciences
T14282	Security, Politics, and Digital Transformation	Social Sciences	Social Sciences
T11806	Service-Learning and Community Engagement	Social Sciences	Social Sciences
T11350	Sex work and related issues	Social Sciences	Social Sciences
T11548	Sexual Assault and Victimization Studies	Social Sciences	Social Sciences
T12503	Social Acceptance of Renewable Energy	Social Sciences	Social Sciences
T11239	Social Capital and Networks	Social Sciences	Social Sciences
T14153	Social Development and Education Research	Social Sciences	Social Sciences
T13906	Social Issues and Policies	Social Sciences	Social Sciences
T14497	Social Issues and Policies in Latin America	Social Sciences	Social Sciences
T13907	Social Issues and Sustainability	Social Sciences	Social Sciences
T12877	Social Issues in Poland	Social Sciences	Social Sciences
T10557	Social Media and Politics	Social Sciences	Social Sciences
T12027	Social Media in Health Education	Social Sciences	Social Sciences
T13982	Social Movements and Cultural Identity	Social Sciences	Social Sciences
T13888	Social Policies and Family	Social Sciences	Social Sciences
T10443	Social Policy and Reform Studies	Social Sciences	Social Sciences
T12892	Social Power and Status Dynamics	Social Sciences	Social Sciences
T13765	Social Science and Policy Research	Social Sciences	Social Sciences
T13033	Social Sciences and Governance	Social Sciences	Social Sciences
T14284	Social Sciences and Humanities	Social Sciences	Social Sciences
T13624	Social Sciences and Policies	Social Sciences	Social Sciences
T14277	Social Skills and Education	Social Sciences	Social Sciences
T11028	Social Work Education and Practice	Social Sciences	Social Sciences
T14265	Social and Behavioral Studies	Social Sciences	Social Sciences
T11895	Social and Cultural Dynamics	Social Sciences	Social Sciences
T13401	Social and Cultural Studies	Social Sciences	Social Sciences
T14473	Social and Economic Development in India	Social Sciences	Social Sciences
T13614	Social and Economic Solidarity	Social Sciences	Social Sciences
T12021	Social and Educational Sciences	Social Sciences	Social Sciences
T10314	Social and Intergroup Psychology	Social Sciences	Social Sciences
T13491	Social and Political Issues	Social Sciences	Social Sciences
T14248	Social impacts of COVID-19	Social Sciences	Social Sciences
T13610	Society, Economy, and Ethics Research	Social Sciences	Social Sciences
T14077	Socio-political and Technological Issues	Social Sciences	Social Sciences
T13228	Socioeconomic Development in Asia	Social Sciences	Social Sciences
T13560	Socioeconomic Development in MENA	Social Sciences	Social Sciences
T13311	Sociology and Cultural Identity Studies	Social Sciences	Social Sciences
T10259	Sociology and Education Studies	Social Sciences	Social Sciences
T12988	Sociology and Education in Brazil	Social Sciences	Social Sciences
T13881	Sociology and Norbert Elias	Social Sciences	Social Sciences
T14422	Sociology, Governance, and Technology	Social Sciences	Social Sciences
T13956	Sociopolitical Dynamics in Nepal	Social Sciences	Social Sciences
T13747	Sociopolitical Dynamics in Russia	Social Sciences	Social Sciences
T12490	Software Engineering and Design Patterns	Social Sciences	Social Sciences
T11695	South African History and Culture	Social Sciences	Social Sciences
T13029	South Asian Studies and Conflicts	Social Sciences	Social Sciences
T13002	Southeast Asian Sociopolitical Studies	Social Sciences	Social Sciences
T11070	Soviet and Russian History	Social Sciences	Social Sciences
T13512	Spatial and Cultural Studies	Social Sciences	Social Sciences
T11474	Sport and Mega-Event Impacts	Social Sciences	Social Sciences
T13488	Sports and Physical Education Studies	Social Sciences	Social Sciences
T10942	Sports, Gender, and Society	Social Sciences	Social Sciences
T13582	Stalking, Cyberstalking, and Harassment	Social Sciences	Social Sciences
T10959	Student Assessment and Feedback	Social Sciences	Social Sciences
T11539	Survey Methodology and Nonresponse	Social Sciences	Social Sciences
T11835	Sustainability in Higher Education	Social Sciences	Social Sciences
T14202	Sustainability, Governance, and Employment Studies	Social Sciences	Social Sciences
T14520	Sustainable Urban and Rural Development	Social Sciences	Social Sciences
T13959	Swearing, Euphemism, Multilingualism	Social Sciences	Social Sciences
T12901	Tattoo and Body Piercing Complications	Social Sciences	Social Sciences
T13853	Teacher Education and Assessments	Social Sciences	Social Sciences
T10008	Teacher Education and Leadership Studies	Social Sciences	Social Sciences
T13305	Teacher Professional Development and Motivation	Social Sciences	Social Sciences
T11977	Technology Use by Older Adults	Social Sciences	Social Sciences
T14267	Technology in Education and Healthcare	Social Sciences	Social Sciences
T14182	Technology-Enhanced Education Studies	Social Sciences	Social Sciences
T10994	Terrorism, Counterterrorism, and Political Violence	Social Sciences	Social Sciences
T13994	The Impact of Diversity and Innovation on Society	Social Sciences	Social Sciences
T13109	Theological Perspectives and Practices	Social Sciences	Social Sciences
T13076	Torture, Ethics, and Law	Social Sciences	Social Sciences
T13839	Tourism, Volunteerism, and Development	Social Sciences	Social Sciences
T11755	Transboundary Water Resource Management	Social Sciences	Social Sciences
T10698	Transportation Planning and Optimization	Social Sciences	Social Sciences
T11783	Turkey's Politics and Society	Social Sciences	Social Sciences
T13343	Turkish Urban and Social Issues	Social Sciences	Social Sciences
T13320	Ukrainian Cultural and Linguistic Studies	Social Sciences	Social Sciences
T13271	Ukrainian Legal and Forensic Studies	Social Sciences	Social Sciences
T13368	University Challenges and Reforms	Social Sciences	Social Sciences
T12995	Urban Development and Cultural Heritage	Social Sciences	Social Sciences
T11858	Urban Development and Societal Issues	Social Sciences	Social Sciences
T10239	Urban Planning and Governance	Social Sciences	Social Sciences
T10298	Urban Transport and Accessibility	Social Sciences	Social Sciences
T12147	Urban and Rural Development Challenges	Social Sciences	Social Sciences
T13513	Urban and sociocultural dynamics	Social Sciences	Social Sciences
T11645	Urban, Neighborhood, and Segregation Studies	Social Sciences	Social Sciences
T12670	Urbanism, Landscape, and Tourism Studies	Social Sciences	Social Sciences
T12502	Urbanization and City Planning	Social Sciences	Social Sciences
T10833	Vaccine Coverage and Hesitancy	Social Sciences	Social Sciences
T12531	Values and Moral Education	Social Sciences	Social Sciences
T13056	Various Academic Research Studies	Social Sciences	Social Sciences
T13524	Venezuelan Migration and Society	Social Sciences	Social Sciences
T13802	Vietnamese History and Culture Studies	Social Sciences	Social Sciences
T13981	Violence, Education, and Gender Studies	Social Sciences	Social Sciences
T13461	Vladimir Nabokov Literary Studies	Social Sciences	Social Sciences
T14508	Vocational Education and Training	Social Sciences	Social Sciences
T13872	Vocational and Entrepreneurial Education	Social Sciences	Social Sciences
T14492	War, Law, and Justice	Social Sciences	Social Sciences
T12248	Water Governance and Infrastructure	Social Sciences	Social Sciences
T13528	Water Resources and Governance	Social Sciences	Social Sciences
T12730	Weber, Simmel, Sociological Theory	Social Sciences	Social Sciences
T12478	Wikis in Education and Collaboration	Social Sciences	Social Sciences
T10722	Work-Family Balance Challenges	Social Sciences	Social Sciences
T12393	Workplace Spirituality and Leadership	Social Sciences	Social Sciences
T11647	Workplace Violence and Bullying	Social Sciences	Social Sciences
T13000	World Systems and Global Transformations	Social Sciences	Social Sciences
T12156	World Trade Organization Law	Social Sciences	Social Sciences
T11971	World Wars: History, Literature, and Impact	Social Sciences	Social Sciences
T12070	Writing and Handwriting Education	Social Sciences	Social Sciences
T13043	Youth Culture and Social Dynamics	Social Sciences	Social Sciences
T11998	Youth Development and Social Support	Social Sciences	Social Sciences
T12714	Youth Education and Societal Dynamics	Social Sciences	Social Sciences
T13207	Youth Substance Use and School Attendance	Social Sciences	Social Sciences
T12842	Youth, Drugs, and Violence	Social Sciences	Social Sciences
T14038	Youth, Politics, and Society	Social Sciences	Social Sciences
T13017	Zygmunt Bauman's Sociology	Social Sciences	Social Sciences
T12725	transportation and logistics systems	Social Sciences	Social Sciences
